Datetime,Open,High,Low,Close,Adj Close,Volume
2024-01-02 00:00:00-05:00,17007.75,17007.75,17007.75,17007.75,17007.75,261
2024-01-02 00:05:00-05:00,17007.75,17009.5,17007.75,17009.25,17009.25,230
2024-01-02 00:10:00-05:00,17009.25,17016.25,17009.0,17016.25,17016.25,258
2024-01-02 00:15:00-05:00,17016.25,17017.0,17014.0,17015.0,17015.0,275
2024-01-02 00:20:00-05:00,17015.0,17016.25,17012.5,17015.0,17015.0,175
2024-01-02 00:25:00-05:00,17014.75,17019.0,17014.5,17017.0,17017.0,298
2024-01-02 00:30:00-05:00,17016.0,17018.5,17015.5,17017.75,17017.75,186
2024-01-02 00:35:00-05:00,17018.0,17018.75,17015.5,17016.5,17016.5,143
2024-01-02 00:40:00-05:00,17017.0,17018.5,17016.5,17018.25,17018.25,135
2024-01-02 00:45:00-05:00,17018.25,17018.25,17016.25,17016.25,17016.25,111
2024-01-02 00:50:00-05:00,17016.5,17019.0,17016.5,17018.0,17018.0,89
2024-01-02 00:55:00-05:00,17018.25,17019.0,17017.0,17018.25,17018.25,96
2024-01-02 01:00:00-05:00,17017.5,17019.5,17015.5,17017.0,17017.0,233
2024-01-02 01:05:00-05:00,17017.25,17018.0,17012.25,17013.25,17013.25,198
2024-01-02 01:10:00-05:00,17013.25,17013.5,17010.0,17010.75,17010.75,162
2024-01-02 01:15:00-05:00,17010.75,17011.5,17009.75,17010.5,17010.5,102
2024-01-02 01:20:00-05:00,17010.0,17011.75,17010.0,17011.0,17011.0,81
2024-01-02 01:25:00-05:00,17011.5,17013.0,17010.5,17011.5,17011.5,108
2024-01-02 01:30:00-05:00,17011.75,17013.0,17008.75,17010.0,17010.0,169
2024-01-02 01:35:00-05:00,17009.75,17011.5,17007.5,17008.0,17008.0,174
2024-01-02 01:40:00-05:00,17008.75,17011.25,17007.25,17010.5,17010.5,154
2024-01-02 01:45:00-05:00,17010.75,17014.0,17009.5,17011.25,17011.25,266
2024-01-02 01:50:00-05:00,17011.5,17011.75,17008.0,17008.25,17008.25,114
2024-01-02 01:55:00-05:00,17008.0,17008.5,17003.0,17004.5,17004.5,334
2024-01-02 02:00:00-05:00,17004.25,17009.5,17004.25,17004.75,17004.75,504
2024-01-02 02:05:00-05:00,17004.75,17009.5,17004.75,17009.5,17009.5,191
2024-01-02 02:10:00-05:00,17009.25,17019.5,17009.25,17017.25,17017.25,608
2024-01-02 02:15:00-05:00,17017.25,17022.5,17016.5,17020.5,17020.5,534
2024-01-02 02:20:00-05:00,17020.5,17022.75,17019.0,17022.0,17022.0,248
2024-01-02 02:25:00-05:00,17022.0,17023.25,17018.5,17019.75,17019.75,239
2024-01-02 02:30:00-05:00,17020.0,17021.0,17017.75,17019.75,17019.75,201
2024-01-02 02:35:00-05:00,17020.0,17020.5,17017.75,17019.0,17019.0,199
2024-01-02 02:40:00-05:00,17019.25,17019.5,17013.75,17014.5,17014.5,408
2024-01-02 02:45:00-05:00,17014.75,17017.75,17011.75,17016.0,17016.0,330
2024-01-02 02:50:00-05:00,17016.0,17018.5,17012.75,17015.0,17015.0,268
2024-01-02 02:55:00-05:00,17014.5,17019.75,17014.5,17017.0,17017.0,305
2024-01-02 03:00:00-05:00,17017.5,17029.5,17016.0,17028.5,17028.5,902
2024-01-02 03:05:00-05:00,17028.0,17031.5,17022.5,17026.0,17026.0,664
2024-01-02 03:10:00-05:00,17024.5,17027.0,17022.75,17026.25,17026.25,280
2024-01-02 03:15:00-05:00,17025.25,17029.25,17022.5,17028.75,17028.75,310
2024-01-02 03:20:00-05:00,17028.25,17032.75,17024.5,17031.0,17031.0,428
2024-01-02 03:25:00-05:00,17031.25,17034.5,17029.0,17032.75,17032.75,459
2024-01-02 03:30:00-05:00,17033.0,17036.75,17032.75,17035.75,17035.75,481
2024-01-02 03:35:00-05:00,17035.75,17036.25,17031.75,17034.25,17034.25,327
2024-01-02 03:40:00-05:00,17034.25,17035.0,17031.5,17032.5,17032.5,250
2024-01-02 03:45:00-05:00,17032.25,17032.25,17027.5,17028.5,17028.5,501
2024-01-02 03:50:00-05:00,17028.0,17030.0,17027.25,17029.5,17029.5,445
2024-01-02 03:55:00-05:00,17028.75,17030.25,17025.75,17027.25,17027.25,454
2024-01-02 04:00:00-05:00,17027.25,17028.5,17015.5,17015.5,17015.5,901
2024-01-02 04:05:00-05:00,17015.5,17016.75,17008.75,17011.5,17011.5,999
2024-01-02 04:10:00-05:00,17011.25,17011.5,17001.5,17003.25,17003.25,952
2024-01-02 04:15:00-05:00,17003.25,17003.25,16998.25,17000.75,17000.75,723
2024-01-02 04:20:00-05:00,17000.75,17005.0,16998.25,17000.5,17000.5,677
2024-01-02 04:25:00-05:00,17000.75,17005.5,16999.0,17005.25,17005.25,498
2024-01-02 04:30:00-05:00,17005.25,17005.5,17001.75,17003.5,17003.5,294
2024-01-02 04:35:00-05:00,17003.0,17003.0,16994.5,16994.5,16994.5,749
2024-01-02 04:40:00-05:00,16994.75,16997.25,16990.75,16996.5,16996.5,719
2024-01-02 04:45:00-05:00,16996.25,16999.75,16994.75,16996.0,16996.0,575
2024-01-02 04:50:00-05:00,16995.75,16996.75,16988.0,16991.0,16991.0,588
2024-01-02 04:55:00-05:00,16990.75,16996.75,16988.75,16994.5,16994.5,377
2024-01-02 05:00:00-05:00,16994.5,16996.75,16992.0,16994.25,16994.25,268
2024-01-02 05:05:00-05:00,16994.25,16996.75,16990.5,16991.0,16991.0,292
2024-01-02 05:10:00-05:00,16991.25,16993.75,16984.75,16986.75,16986.75,597
2024-01-02 05:15:00-05:00,16986.75,16992.75,16986.25,16990.25,16990.25,420
2024-01-02 05:20:00-05:00,16990.5,16994.5,16989.5,16989.5,16989.5,278
2024-01-02 05:25:00-05:00,16989.5,16990.5,16982.5,16986.25,16986.25,718
2024-01-02 05:30:00-05:00,16986.25,16988.25,16985.5,16985.5,16985.5,103
2024-01-02 05:40:00-05:00,16995.80078125,16997.5,16992.5,16994.75,16994.75,1260
2024-01-02 05:45:00-05:00,16994.25,16995.25,16987.75,16988.5,16988.5,499
2024-01-02 05:50:00-05:00,16988.25,16989.75,16978.5,16980.0,16980.0,751
2024-01-02 05:55:00-05:00,16980.5,16983.0,16968.25,16971.0,16971.0,1343
2024-01-02 06:00:00-05:00,16970.75,16973.25,16966.0,16972.0,16972.0,636
2024-01-02 06:05:00-05:00,16972.25,16976.5,16941.75,16948.5,16948.5,2455
2024-01-02 06:10:00-05:00,16947.75,16952.75,16931.75,16933.25,16933.25,2115
2024-01-02 06:15:00-05:00,16932.75,16934.25,16892.75,16901.75,16901.75,4170
2024-01-02 06:20:00-05:00,16901.5,16910.5,16893.0,16902.5,16902.5,1682
2024-01-02 06:25:00-05:00,16902.75,16903.25,16875.25,16877.5,16877.5,2142
2024-01-02 06:30:00-05:00,16877.75,16882.0,16866.25,16866.5,16866.5,1900
2024-01-02 06:35:00-05:00,16866.0,16866.75,16845.25,16859.75,16859.75,2380
2024-01-02 06:40:00-05:00,16860.0,16865.25,16854.25,16863.75,16863.75,1351
2024-01-02 06:45:00-05:00,16863.75,16872.0,16861.75,16867.0,16867.0,1333
2024-01-02 06:50:00-05:00,16867.75,16873.0,16863.5,16869.0,16869.0,1025
2024-01-02 06:55:00-05:00,16870.0,16878.5,16869.25,16874.75,16874.75,1016
2024-01-02 07:00:00-05:00,16875.25,16878.0,16867.0,16868.25,16868.25,922
2024-01-02 07:05:00-05:00,16868.5,16870.75,16847.5,16865.0,16865.0,2370
2024-01-02 07:10:00-05:00,16865.0,16873.25,16862.5,16869.25,16869.25,1301
2024-01-02 07:15:00-05:00,16869.25,16870.25,16852.0,16852.5,16852.5,1101
2024-01-02 07:20:00-05:00,16852.0,16867.25,16851.0,16864.75,16864.75,1155
2024-01-02 07:25:00-05:00,16864.75,16867.75,16857.25,16860.0,16860.0,950
2024-01-02 07:30:00-05:00,16859.25,16863.25,16854.75,16863.25,16863.25,791
2024-01-02 07:35:00-05:00,16863.0,16863.25,16852.5,16856.5,16856.5,711
2024-01-02 07:40:00-05:00,16856.75,16861.5,16850.75,16850.75,16850.75,840
2024-01-02 07:45:00-05:00,16851.5,16856.75,16846.0,16846.25,16846.25,1007
2024-01-02 07:50:00-05:00,16845.75,16848.25,16832.0,16835.75,16835.75,2154
2024-01-02 07:55:00-05:00,16835.5,16836.25,16817.0,16823.5,16823.5,3224
2024-01-02 08:00:00-05:00,16823.0,16831.5,16819.25,16829.0,16829.0,1574
2024-01-02 08:05:00-05:00,16828.75,16832.0,16822.5,16828.75,16828.75,1427
2024-01-02 08:10:00-05:00,16829.0,16829.5,16820.5,16820.5,16820.5,1058
2024-01-02 08:15:00-05:00,16821.0,16826.75,16819.0,16822.75,16822.75,1034
2024-01-02 08:20:00-05:00,16822.5,16825.75,16817.0,16823.75,16823.75,1717
2024-01-02 08:25:00-05:00,16823.75,16831.25,16821.0,16827.75,16827.75,1297
2024-01-02 08:30:00-05:00,16827.75,16849.5,16821.75,16849.0,16849.0,3338
2024-01-02 08:35:00-05:00,16849.0,16850.5,16831.25,16838.5,16838.5,2762
2024-01-02 08:40:00-05:00,16839.0,16847.0,16831.75,16845.25,16845.25,1866
2024-01-02 08:45:00-05:00,16845.0,16848.25,16840.25,16844.5,16844.5,1425
2024-01-02 08:50:00-05:00,16844.0,16848.5,16839.0,16847.75,16847.75,987
2024-01-02 08:55:00-05:00,16847.25,16855.5,16847.25,16853.0,16853.0,1579
2024-01-02 09:00:00-05:00,16853.0,16855.0,16836.25,16836.75,16836.75,2318
2024-01-02 09:05:00-05:00,16837.25,16857.0,16834.5,16854.25,16854.25,2241
2024-01-02 09:10:00-05:00,16854.25,16865.75,16852.0,16861.25,16861.25,2135
2024-01-02 09:15:00-05:00,16861.25,16865.25,16861.25,16863.0,16863.0,1237
2024-01-02 09:20:00-05:00,16862.75,16877.75,16860.0,16870.0,16870.0,3030
2024-01-02 09:25:00-05:00,16870.0,16873.75,16860.25,16862.0,16862.0,3954
2024-01-02 09:30:00-05:00,16862.0,16873.5,16830.0,16831.75,16831.75,19651
2024-01-02 09:35:00-05:00,16832.25,16841.75,16795.5,16800.25,16800.25,13413
2024-01-02 09:40:00-05:00,16800.5,16802.0,16767.75,16777.75,16777.75,15047
2024-01-02 09:45:00-05:00,16777.25,16782.0,16736.0,16736.75,16736.75,16542
2024-01-02 09:50:00-05:00,16737.5,16757.75,16731.25,16733.25,16733.25,10352
2024-01-02 09:55:00-05:00,16732.5,16764.5,16719.5,16763.25,16763.25,12091
2024-01-02 10:00:00-05:00,16763.5,16789.0,16756.75,16779.0,16779.0,12065
2024-01-02 10:05:00-05:00,16779.0,16780.75,16747.75,16760.25,16760.25,9119
2024-01-02 10:10:00-05:00,16761.5,16771.0,16744.0,16749.0,16749.0,7774
2024-01-02 10:15:00-05:00,16749.5,16754.0,16735.0,16736.0,16736.0,7056
2024-01-02 10:20:00-05:00,16736.5,16759.5,16733.75,16755.5,16755.5,6318
2024-01-02 10:25:00-05:00,16755.75,16759.0,16716.75,16723.5,16723.5,9520
2024-01-02 10:30:00-05:00,16723.5,16724.75,16702.0,16706.0,16706.0,8559
2024-01-02 10:35:00-05:00,16706.5,16707.0,16695.75,16700.25,16700.25,7306
2024-01-02 10:40:00-05:00,16699.5,16717.5,16697.25,16715.25,16715.25,6618
2024-01-02 10:45:00-05:00,16715.5,16723.0,16688.5,16690.0,16690.0,7370
2024-01-02 10:50:00-05:00,16690.5,16704.75,16685.0,16699.5,16699.5,6879
2024-01-02 10:55:00-05:00,16700.0,16712.5,16695.0,16710.5,16710.5,5892
2024-01-02 11:00:00-05:00,16710.75,16733.25,16709.0,16731.0,16731.0,6966
2024-01-02 11:05:00-05:00,16730.25,16734.75,16717.0,16734.5,16734.5,4785
2024-01-02 11:10:00-05:00,16752.25,16755.5,16739.75,16747.5,16747.5,8784
2024-01-02 11:15:00-05:00,16747.5,16757.5,16743.25,16755.75,16755.75,5494
2024-01-02 11:20:00-05:00,16755.25,16761.0,16744.0,16748.75,16748.75,5940
2024-01-02 11:25:00-05:00,16749.25,16762.0,16747.25,16761.0,16761.0,3837
2024-01-02 11:30:00-05:00,16761.25,16770.0,16758.25,16768.5,16768.5,4654
2024-01-02 11:35:00-05:00,16768.5,16772.5,16759.5,16764.0,16764.0,3921
2024-01-02 11:40:00-05:00,16763.75,16771.0,16760.25,16770.25,16770.25,2991
2024-01-02 11:45:00-05:00,16770.5,16785.5,16767.25,16782.75,16782.75,6686
2024-01-02 11:50:00-05:00,16782.5,16784.25,16769.25,16772.5,16772.5,5056
2024-01-02 11:55:00-05:00,16772.75,16781.0,16770.5,16778.25,16778.25,4089
2024-01-02 12:00:00-05:00,16778.0,16785.25,16775.0,16782.75,16782.75,3976
2024-01-02 12:05:00-05:00,16782.75,16787.75,16777.75,16780.25,16780.25,3255
2024-01-02 12:10:00-05:00,16780.75,16783.75,16773.0,16778.75,16778.75,3324
2024-01-02 12:15:00-05:00,16778.5,16778.5,16753.25,16761.5,16761.5,6619
2024-01-02 12:20:00-05:00,16761.25,16772.75,16758.75,16762.25,16762.25,3945
2024-01-02 12:25:00-05:00,16762.0,16769.0,16757.75,16760.0,16760.0,2789
2024-01-02 12:30:00-05:00,16760.25,16771.5,16751.5,16771.25,16771.25,3501
2024-01-02 12:35:00-05:00,16771.5,16777.0,16767.0,16776.0,16776.0,2902
2024-01-02 12:40:00-05:00,16776.25,16786.5,16773.75,16775.5,16775.5,3615
2024-01-02 12:45:00-05:00,16775.25,16776.25,16743.75,16751.5,16751.5,5820
2024-01-02 12:50:00-05:00,16751.0,16752.25,16734.0,16735.0,16735.0,5969
2024-01-02 12:55:00-05:00,16735.75,16738.0,16717.75,16720.0,16720.0,6379
2024-01-02 13:00:00-05:00,16720.25,16723.0,16709.75,16717.0,16717.0,5018
2024-01-02 13:05:00-05:00,16716.75,16720.25,16703.25,16707.25,16707.25,4039
2024-01-02 13:10:00-05:00,16707.5,16723.75,16705.25,16720.25,16720.25,4204
2024-01-02 13:15:00-05:00,16720.0,16727.25,16716.5,16725.25,16725.25,3233
2024-01-02 13:20:00-05:00,16725.25,16736.75,16724.0,16734.25,16734.25,3264
2024-01-02 13:25:00-05:00,16734.0,16742.0,16730.0,16731.5,16731.5,3875
2024-01-02 13:30:00-05:00,16731.25,16740.0,16726.75,16737.75,16737.75,3636
2024-01-02 13:35:00-05:00,16737.5,16741.0,16731.25,16738.5,16738.5,2602
2024-01-02 13:40:00-05:00,16738.0,16739.25,16727.5,16730.25,16730.25,2765
2024-01-02 13:45:00-05:00,16729.75,16739.5,16723.0,16724.5,16724.5,4036
2024-01-02 13:50:00-05:00,16724.5,16725.0,16706.0,16707.0,16707.0,5819
2024-01-02 13:55:00-05:00,16707.0,16709.25,16688.25,16696.0,16696.0,7191
2024-01-02 14:00:00-05:00,16696.5,16702.5,16678.75,16680.25,16680.25,6405
2024-01-02 14:05:00-05:00,16680.5,16684.75,16668.0,16678.0,16678.0,6293
2024-01-02 14:10:00-05:00,16677.5,16697.75,16674.25,16691.5,16691.5,5970
2024-01-02 14:15:00-05:00,16691.5,16693.75,16684.0,16689.0,16689.0,3014
2024-01-02 14:20:00-05:00,16689.0,16693.5,16685.25,16688.5,16688.5,2284
2024-01-02 14:25:00-05:00,16688.75,16701.5,16688.25,16698.75,16698.75,3318
2024-01-02 14:30:00-05:00,16698.5,16707.5,16690.25,16696.25,16696.25,4827
2024-01-02 14:35:00-05:00,16696.25,16698.0,16684.75,16684.75,16684.75,2592
2024-01-02 14:40:00-05:00,16685.0,16689.75,16680.25,16687.25,16687.25,3594
2024-01-02 14:45:00-05:00,16687.25,16691.5,16678.5,16679.5,16679.5,2975
2024-01-02 14:50:00-05:00,16679.5,16685.25,16663.5,16667.0,16667.0,7032
2024-01-02 14:55:00-05:00,16666.5,16667.5,16653.75,16655.0,16655.0,6457
2024-01-02 15:00:00-05:00,16654.75,16660.0,16624.0,16628.5,16628.5,10257
2024-01-02 15:05:00-05:00,16628.75,16642.75,16626.25,16633.0,16633.0,7140
2024-01-02 15:10:00-05:00,16633.0,16639.75,16622.5,16626.75,16626.75,5072
2024-01-02 15:15:00-05:00,16627.0,16645.5,16624.25,16642.0,16642.0,5617
2024-01-02 15:20:00-05:00,16641.75,16644.5,16630.5,16643.0,16643.0,4212
2024-01-02 15:25:00-05:00,16643.25,16647.75,16635.5,16645.75,16645.75,4599
2024-01-02 15:30:00-05:00,16645.75,16659.0,16644.25,16648.75,16648.75,6153
2024-01-02 15:35:00-05:00,16649.25,16649.25,16636.75,16640.0,16640.0,4662
2024-01-02 15:40:00-05:00,16639.75,16654.75,16638.75,16652.0,16652.0,5078
2024-01-02 15:45:00-05:00,16652.5,16667.0,16652.25,16665.0,16665.0,5773
2024-01-02 15:50:00-05:00,16665.0,16701.0,16665.0,16695.0,16695.0,15610
2024-01-02 15:55:00-05:00,16695.25,16726.0,16695.25,16720.75,16720.75,21675
2024-01-02 16:00:00-05:00,16721.0,16736.5,16714.0,16732.0,16732.0,7520
2024-01-02 16:05:00-05:00,16731.5,16736.25,16729.25,16731.75,16731.75,2404
2024-01-02 16:10:00-05:00,16731.75,16736.0,16726.75,16727.5,16727.5,1947
2024-01-02 16:15:00-05:00,16727.25,16730.5,16727.25,16728.25,16728.25,556
2024-01-02 16:20:00-05:00,16729.0,16730.5,16728.25,16730.25,16730.25,289
2024-01-02 16:25:00-05:00,16730.25,16731.0,16728.75,16728.75,16728.75,404
2024-01-02 16:30:00-05:00,16728.75,16730.25,16728.0,16729.75,16729.75,340
2024-01-02 16:35:00-05:00,16730.0,16731.25,16727.0,16728.0,16728.0,423
2024-01-02 16:40:00-05:00,16728.0,16731.5,16728.0,16731.5,16731.5,418
2024-01-02 16:45:00-05:00,16731.5,16732.25,16729.0,16730.75,16730.75,498
2024-01-02 16:50:00-05:00,16730.75,16732.75,16729.0,16730.5,16730.5,760
2024-01-02 16:55:00-05:00,16730.5,16732.25,16729.0,16731.75,16731.75,340
2024-01-02 18:00:00-05:00,16736.75,16737.25,16728.0,16735.5,16735.5,0
2024-01-02 18:05:00-05:00,16735.5,16736.0,16733.5,16734.0,16734.0,196
2024-01-02 18:10:00-05:00,16734.25,16735.25,16729.0,16730.25,16730.25,273
2024-01-02 18:15:00-05:00,16730.0,16730.0,16722.25,16722.5,16722.5,476
2024-01-02 18:20:00-05:00,16722.75,16726.0,16716.75,16720.75,16720.75,581
2024-01-02 18:25:00-05:00,16721.0,16725.5,16720.5,16722.0,16722.0,437
2024-01-02 18:30:00-05:00,16721.75,16724.25,16721.25,16723.75,16723.75,185
2024-01-02 18:35:00-05:00,16724.0,16724.75,16723.0,16723.75,16723.75,113
2024-01-02 18:40:00-05:00,16723.5,16724.25,16721.25,16722.0,16722.0,136
2024-01-02 18:45:00-05:00,16721.5,16723.5,16721.0,16723.25,16723.25,161
2024-01-02 18:50:00-05:00,16723.0,16724.0,16722.25,16723.75,16723.75,89
2024-01-02 18:55:00-05:00,16723.75,16725.25,16723.75,16724.75,16724.75,137
2024-01-02 19:00:00-05:00,16724.5,16725.75,16720.25,16724.0,16724.0,389
2024-01-02 19:05:00-05:00,16723.5,16724.0,16721.25,16722.75,16722.75,198
2024-01-02 19:10:00-05:00,16723.25,16726.5,16722.75,16726.25,16726.25,297
2024-01-02 19:15:00-05:00,16726.0,16728.25,16725.0,16725.75,16725.75,253
2024-01-02 19:20:00-05:00,16725.75,16728.5,16725.5,16727.75,16727.75,250
2024-01-02 19:25:00-05:00,16727.75,16729.0,16725.5,16726.0,16726.0,247
2024-01-02 19:30:00-05:00,16726.0,16727.25,16724.25,16726.25,16726.25,220
2024-01-02 19:35:00-05:00,16726.25,16727.0,16721.75,16722.75,16722.75,264
2024-01-02 19:40:00-05:00,16722.75,16722.75,16718.5,16720.0,16720.0,288
2024-01-02 19:45:00-05:00,16720.0,16721.0,16719.25,16720.5,16720.5,161
2024-01-02 19:50:00-05:00,16720.5,16720.5,16715.5,16718.5,16718.5,323
2024-01-02 19:55:00-05:00,16718.75,16719.75,16716.5,16716.5,16716.5,140
2024-01-02 20:00:00-05:00,16716.75,16721.0,16715.0,16716.75,16716.75,376
2024-01-02 20:05:00-05:00,16716.5,16718.0,16712.75,16713.75,16713.75,310
2024-01-02 20:10:00-05:00,16714.0,16714.0,16710.25,16712.0,16712.0,406
2024-01-02 20:15:00-05:00,16712.0,16713.5,16708.0,16713.0,16713.0,436
2024-01-02 20:20:00-05:00,16713.0,16714.5,16710.75,16710.75,16710.75,247
2024-01-02 20:25:00-05:00,16711.0,16712.75,16709.5,16711.75,16711.75,250
2024-01-02 20:30:00-05:00,16711.75,16713.75,16707.5,16709.5,16709.5,502
2024-01-02 20:35:00-05:00,16709.25,16713.5,16707.75,16710.5,16710.5,412
2024-01-02 20:40:00-05:00,16710.5,16711.75,16707.75,16710.0,16710.0,193
2024-01-02 20:45:00-05:00,16709.75,16712.25,16707.5,16710.75,16710.75,269
2024-01-02 20:50:00-05:00,16711.25,16716.0,16711.0,16715.75,16715.75,300
2024-01-02 20:55:00-05:00,16715.5,16717.5,16711.25,16711.75,16711.75,335
2024-01-02 21:00:00-05:00,16711.25,16714.5,16710.5,16714.0,16714.0,163
2024-01-02 21:05:00-05:00,16714.25,16714.75,16711.75,16712.25,16712.25,147
2024-01-02 21:10:00-05:00,16711.5,16712.75,16711.0,16712.0,16712.0,140
2024-01-02 21:15:00-05:00,16711.75,16711.75,16706.25,16706.25,16706.25,287
2024-01-02 21:20:00-05:00,16706.25,16707.0,16703.5,16704.0,16704.0,360
2024-01-02 21:25:00-05:00,16704.5,16704.5,16700.0,16702.0,16702.0,606
2024-01-02 21:30:00-05:00,16701.75,16705.0,16701.25,16702.5,16702.5,281
2024-01-02 21:35:00-05:00,16703.25,16706.25,16702.0,16704.5,16704.5,226
2024-01-02 21:40:00-05:00,16704.5,16706.0,16703.75,16705.25,16705.25,147
2024-01-02 21:45:00-05:00,16705.25,16705.25,16701.75,16704.5,16704.5,167
2024-01-02 21:50:00-05:00,16704.25,16707.0,16702.75,16703.25,16703.25,180
2024-01-02 21:55:00-05:00,16703.0,16704.25,16700.25,16702.75,16702.75,278
2024-01-02 22:00:00-05:00,16703.0,16706.5,16702.75,16706.0,16706.0,190
2024-01-02 22:05:00-05:00,16706.25,16709.0,16705.75,16707.5,16707.5,288
2024-01-02 22:10:00-05:00,16707.5,16709.25,16705.25,16705.5,16705.5,147
2024-01-02 22:15:00-05:00,16705.75,16706.25,16701.5,16703.0,16703.0,238
2024-01-02 22:20:00-05:00,16703.25,16704.0,16701.75,16703.25,16703.25,245
2024-01-02 22:25:00-05:00,16703.0,16703.25,16701.5,16702.5,16702.5,160
2024-01-02 22:30:00-05:00,16703.0,16708.5,16702.25,16708.25,16708.25,231
2024-01-02 22:35:00-05:00,16708.25,16708.25,16704.5,16705.5,16705.5,140
2024-01-02 22:40:00-05:00,16705.5,16707.0,16704.0,16705.75,16705.75,87
2024-01-02 22:45:00-05:00,16706.0,16706.0,16704.25,16704.25,16704.25,88
2024-01-02 22:50:00-05:00,16704.25,16706.25,16703.5,16703.75,16703.75,142
2024-01-02 22:55:00-05:00,16703.75,16705.25,16703.5,16703.5,16703.5,104
2024-01-02 23:00:00-05:00,16703.25,16704.5,16701.0,16701.75,16701.75,207
2024-01-02 23:05:00-05:00,16701.75,16701.75,16699.5,16699.5,16699.5,256
2024-01-02 23:10:00-05:00,16699.75,16700.75,16698.5,16699.75,16699.75,217
2024-01-02 23:15:00-05:00,16699.5,16700.75,16699.0,16700.25,16700.25,156
2024-01-02 23:20:00-05:00,16700.25,16702.75,16699.25,16702.0,16702.0,202
2024-01-02 23:25:00-05:00,16702.0,16702.75,16701.0,16701.25,16701.25,129
2024-01-02 23:30:00-05:00,16700.75,16701.75,16699.75,16700.25,16700.25,147
2024-01-02 23:35:00-05:00,16700.25,16700.25,16696.0,16697.0,16697.0,290
2024-01-02 23:40:00-05:00,16697.0,16697.0,16693.75,16696.5,16696.5,285
2024-01-02 23:45:00-05:00,16696.5,16697.0,16694.75,16695.75,16695.75,143
2024-01-02 23:50:00-05:00,16695.75,16696.0,16693.75,16693.75,16693.75,180
2024-01-02 23:55:00-05:00,16694.0,16696.0,16693.25,16694.25,16694.25,145
2024-01-03 00:00:00-05:00,16694.75,16694.75,16694.75,16694.75,16694.75,588
2024-01-03 00:05:00-05:00,16694.75,16694.75,16693.0,16693.75,16693.75,248
2024-01-03 00:10:00-05:00,16693.25,16695.75,16692.25,16695.25,16695.25,304
2024-01-03 00:15:00-05:00,16695.5,16699.0,16694.5,16696.5,16696.5,245
2024-01-03 00:20:00-05:00,16696.25,16696.75,16692.75,16693.0,16693.0,164
2024-01-03 00:25:00-05:00,16693.5,16697.5,16693.25,16697.5,16697.5,236
2024-01-03 00:30:00-05:00,16697.75,16704.25,16697.25,16703.75,16703.75,508
2024-01-03 00:35:00-05:00,16704.0,16704.25,16700.75,16701.75,16701.75,236
2024-01-03 00:40:00-05:00,16701.75,16702.5,16700.25,16701.0,16701.0,177
2024-01-03 00:45:00-05:00,16700.75,16703.75,16699.75,16702.75,16702.75,184
2024-01-03 00:50:00-05:00,16703.25,16704.75,16701.75,16704.25,16704.25,173
2024-01-03 00:55:00-05:00,16704.75,16705.75,16704.0,16704.75,16704.75,169
2024-01-03 01:00:00-05:00,16704.5,16706.5,16702.75,16705.5,16705.5,365
2024-01-03 01:05:00-05:00,16705.25,16705.5,16700.5,16700.75,16700.75,233
2024-01-03 01:10:00-05:00,16700.5,16707.0,16700.5,16706.75,16706.75,228
2024-01-03 01:15:00-05:00,16707.0,16708.0,16704.5,16706.5,16706.5,231
2024-01-03 01:20:00-05:00,16706.75,16710.0,16705.75,16708.75,16708.75,256
2024-01-03 01:25:00-05:00,16708.5,16713.75,16708.5,16713.25,16713.25,384
2024-01-03 01:30:00-05:00,16713.5,16713.5,16711.5,16712.0,16712.0,208
2024-01-03 01:35:00-05:00,16711.75,16713.0,16710.25,16712.75,16712.75,145
2024-01-03 01:40:00-05:00,16712.75,16715.75,16712.25,16714.75,16714.75,282
2024-01-03 01:45:00-05:00,16715.0,16716.75,16713.25,16715.0,16715.0,208
2024-01-03 01:50:00-05:00,16715.25,16716.25,16713.25,16713.5,16713.5,155
2024-01-03 01:55:00-05:00,16713.5,16714.0,16710.75,16711.5,16711.5,251
2024-01-03 02:00:00-05:00,16711.0,16714.0,16706.25,16707.0,16707.0,479
2024-01-03 02:05:00-05:00,16709.75,16710.75,16708.75,16709.5,16709.5,605
2024-01-03 02:10:00-05:00,16709.25,16711.5,16706.5,16706.5,16706.5,219
2024-01-03 02:15:00-05:00,16706.5,16708.25,16701.5,16702.25,16702.25,471
2024-01-03 02:20:00-05:00,16703.25,16710.5,16703.0,16710.0,16710.0,357
2024-01-03 02:25:00-05:00,16710.25,16712.0,16708.25,16710.75,16710.75,217
2024-01-03 02:30:00-05:00,16710.75,16712.0,16704.0,16709.5,16709.5,415
2024-01-03 02:35:00-05:00,16709.5,16711.25,16706.5,16707.75,16707.75,268
2024-01-03 02:40:00-05:00,16707.25,16710.5,16707.25,16709.25,16709.25,126
2024-01-03 02:45:00-05:00,16709.5,16711.75,16708.5,16709.5,16709.5,209
2024-01-03 02:50:00-05:00,16709.5,16712.25,16708.25,16711.0,16711.0,211
2024-01-03 02:55:00-05:00,16711.5,16713.5,16709.0,16709.75,16709.75,450
2024-01-03 03:00:00-05:00,16709.5,16715.75,16707.25,16710.0,16710.0,839
2024-01-03 03:05:00-05:00,16710.0,16717.0,16709.25,16717.0,16717.0,442
2024-01-03 03:10:00-05:00,16716.75,16727.0,16715.0,16722.5,16722.5,895
2024-01-03 03:15:00-05:00,16722.25,16725.25,16720.5,16724.25,16724.25,452
2024-01-03 03:20:00-05:00,16724.25,16729.25,16719.75,16720.25,16720.25,649
2024-01-03 03:25:00-05:00,16719.75,16723.0,16707.75,16710.0,16710.0,963
2024-01-03 03:30:00-05:00,16709.25,16715.75,16705.0,16707.25,16707.25,917
2024-01-03 03:35:00-05:00,16707.25,16711.25,16704.75,16705.5,16705.5,522
2024-01-03 03:40:00-05:00,16705.5,16708.75,16689.75,16695.0,16695.0,1204
2024-01-03 03:45:00-05:00,16695.5,16699.25,16690.25,16691.75,16691.75,819
2024-01-03 03:50:00-05:00,16693.75,16694.25,16676.75,16677.0,16677.0,1598
2024-01-03 03:55:00-05:00,16677.0,16681.75,16672.25,16675.0,16675.0,1122
2024-01-03 04:00:00-05:00,16674.5,16688.25,16674.5,16675.5,16675.5,1233
2024-01-03 04:05:00-05:00,16675.25,16677.25,16661.5,16665.0,16665.0,1682
2024-01-03 04:10:00-05:00,16665.0,16672.75,16664.0,16666.5,16666.5,1133
2024-01-03 04:15:00-05:00,16667.0,16669.25,16660.25,16667.5,16667.5,932
2024-01-03 04:20:00-05:00,16667.5,16678.25,16665.5,16676.5,16676.5,913
2024-01-03 04:25:00-05:00,16677.0,16679.5,16672.5,16674.75,16674.75,390
2024-01-03 04:30:00-05:00,16675.0,16675.25,16666.75,16670.25,16670.25,574
2024-01-03 04:35:00-05:00,16670.5,16674.75,16670.25,16670.25,16670.25,361
2024-01-03 04:40:00-05:00,16670.5,16670.5,16654.5,16654.75,16654.75,1122
2024-01-03 04:45:00-05:00,16655.0,16655.75,16643.5,16647.5,16647.5,1358
2024-01-03 04:50:00-05:00,16647.25,16648.75,16641.5,16646.0,16646.0,908
2024-01-03 04:55:00-05:00,16646.25,16647.75,16642.5,16642.5,16642.5,587
2024-01-03 05:00:00-05:00,16642.25,16650.5,16636.75,16650.25,16650.25,1244
2024-01-03 05:05:00-05:00,16649.75,16656.0,16646.25,16648.0,16648.0,746
2024-01-03 05:10:00-05:00,16647.75,16661.25,16645.0,16660.25,16660.25,1155
2024-01-03 05:15:00-05:00,16660.0,16660.5,16651.25,16651.75,16651.75,515
2024-01-03 05:20:00-05:00,16652.25,16658.25,16646.75,16648.25,16648.25,600
2024-01-03 05:25:00-05:00,16649.0,16655.25,16646.25,16652.75,16652.75,511
2024-01-03 05:30:00-05:00,16652.5,16652.5,16650.5,16650.75,16650.75,51
2024-01-03 05:40:00-05:00,16663.5,16674.0,16663.5,16670.5,16670.5,2193
2024-01-03 05:45:00-05:00,16670.5,16671.25,16659.25,16660.75,16660.75,793
2024-01-03 05:50:00-05:00,16661.0,16668.25,16660.25,16661.5,16661.5,593
2024-01-03 05:55:00-05:00,16662.0,16662.75,16653.75,16657.5,16657.5,967
2024-01-03 06:00:00-05:00,16657.75,16663.75,16656.0,16656.25,16656.25,398
2024-01-03 06:05:00-05:00,16656.0,16663.25,16654.75,16662.25,16662.25,405
2024-01-03 06:10:00-05:00,16662.75,16665.75,16656.5,16658.75,16658.75,456
2024-01-03 06:15:00-05:00,16658.5,16661.0,16655.75,16658.0,16658.0,236
2024-01-03 06:20:00-05:00,16658.25,16660.25,16652.5,16653.75,16653.75,444
2024-01-03 06:25:00-05:00,16653.75,16654.0,16643.0,16645.25,16645.25,1026
2024-01-03 06:30:00-05:00,16645.25,16645.25,16636.0,16640.5,16640.5,1093
2024-01-03 06:35:00-05:00,16640.5,16644.75,16639.0,16644.25,16644.25,745
2024-01-03 06:40:00-05:00,16644.25,16647.0,16641.0,16643.5,16643.5,858
2024-01-03 06:45:00-05:00,16644.0,16651.0,16643.5,16648.5,16648.5,898
2024-01-03 06:50:00-05:00,16648.75,16649.0,16643.0,16646.0,16646.0,480
2024-01-03 06:55:00-05:00,16645.5,16650.5,16641.75,16648.25,16648.25,571
2024-01-03 07:00:00-05:00,16648.5,16649.25,16637.25,16638.5,16638.5,826
2024-01-03 07:05:00-05:00,16638.5,16639.5,16630.0,16636.75,16636.75,1477
2024-01-03 07:10:00-05:00,16636.25,16636.25,16629.0,16629.75,16629.75,720
2024-01-03 07:15:00-05:00,16629.5,16635.0,16626.25,16627.5,16627.5,965
2024-01-03 07:20:00-05:00,16626.75,16630.0,16614.0,16616.0,16616.0,2121
2024-01-03 07:25:00-05:00,16615.5,16619.75,16611.75,16616.5,16616.5,1151
2024-01-03 07:30:00-05:00,16616.75,16617.0,16608.25,16611.0,16611.0,1361
2024-01-03 07:35:00-05:00,16610.75,16613.5,16602.75,16606.75,16606.75,1476
2024-01-03 07:40:00-05:00,16606.75,16612.25,16606.0,16607.25,16607.25,1102
2024-01-03 07:45:00-05:00,16607.0,16613.25,16605.75,16611.0,16611.0,975
2024-01-03 07:50:00-05:00,16610.75,16618.25,16608.0,16611.5,16611.5,1273
2024-01-03 07:55:00-05:00,16610.75,16611.0,16604.75,16609.25,16609.25,1028
2024-01-03 08:00:00-05:00,16609.25,16610.25,16598.0,16606.5,16606.5,2629
2024-01-03 08:05:00-05:00,16606.75,16612.25,16602.75,16610.25,16610.25,1315
2024-01-03 08:10:00-05:00,16609.75,16615.5,16608.75,16613.25,16613.25,999
2024-01-03 08:15:00-05:00,16613.75,16631.75,16612.5,16631.75,16631.75,2052
2024-01-03 08:20:00-05:00,16631.5,16635.0,16625.25,16630.25,16630.25,1774
2024-01-03 08:25:00-05:00,16630.0,16639.75,16629.25,16638.75,16638.75,1706
2024-01-03 08:30:00-05:00,16638.5,16638.5,16631.25,16636.0,16636.0,1645
2024-01-03 08:35:00-05:00,16636.25,16646.0,16635.25,16644.5,16644.5,1509
2024-01-03 08:40:00-05:00,16645.0,16645.5,16634.5,16636.75,16636.75,1597
2024-01-03 08:45:00-05:00,16636.25,16638.5,16629.0,16632.0,16632.0,1374
2024-01-03 08:50:00-05:00,16632.0,16641.0,16631.0,16632.5,16632.5,1357
2024-01-03 08:55:00-05:00,16633.0,16635.0,16614.75,16617.0,16617.0,3144
2024-01-03 09:00:00-05:00,16617.0,16627.5,16610.75,16613.25,16613.25,2116
2024-01-03 09:05:00-05:00,16613.25,16614.25,16604.25,16606.5,16606.5,1889
2024-01-03 09:10:00-05:00,16606.25,16606.75,16591.5,16601.0,16601.0,4270
2024-01-03 09:15:00-05:00,16600.5,16616.5,16598.75,16614.5,16614.5,3298
2024-01-03 09:20:00-05:00,16614.25,16630.25,16598.0,16603.0,16603.0,6235
2024-01-03 09:25:00-05:00,16603.75,16612.25,16601.0,16610.25,16610.25,2900
2024-01-03 09:30:00-05:00,16609.75,16623.75,16581.5,16611.25,16611.25,29026
2024-01-03 09:35:00-05:00,16611.5,16632.75,16603.25,16613.25,16613.25,19110
2024-01-03 09:40:00-05:00,16612.75,16642.25,16609.0,16633.5,16633.5,11987
2024-01-03 09:45:00-05:00,16633.0,16642.0,16615.5,16629.5,16629.5,11867
2024-01-03 09:50:00-05:00,16630.0,16642.0,16619.75,16626.5,16626.5,8714
2024-01-03 09:55:00-05:00,16626.0,16629.0,16593.5,16613.75,16613.75,9132
2024-01-03 10:00:00-05:00,16612.75,16653.5,16597.25,16638.0,16638.0,21531
2024-01-03 10:05:00-05:00,16639.5,16648.5,16606.75,16608.0,16608.0,10257
2024-01-03 10:10:00-05:00,16607.75,16612.25,16569.0,16569.5,16569.5,13301
2024-01-03 10:15:00-05:00,16569.75,16578.75,16562.5,16570.75,16570.75,8556
2024-01-03 10:20:00-05:00,16570.75,16573.75,16556.5,16572.75,16572.75,7655
2024-01-03 10:25:00-05:00,16572.75,16590.25,16564.75,16579.25,16579.25,9196
2024-01-03 10:30:00-05:00,16579.5,16587.75,16565.5,16574.25,16574.25,6241
2024-01-03 10:35:00-05:00,16574.5,16582.75,16544.0,16548.25,16548.25,12567
2024-01-03 10:40:00-05:00,16547.25,16577.5,16544.0,16568.25,16568.25,7397
2024-01-03 10:45:00-05:00,16568.25,16574.25,16558.0,16562.0,16562.0,5424
2024-01-03 10:50:00-05:00,16561.5,16584.5,16560.0,16573.75,16573.75,6440
2024-01-03 10:55:00-05:00,16574.25,16598.5,16567.75,16595.25,16595.25,6629
2024-01-03 11:00:00-05:00,16594.75,16613.75,16594.75,16607.0,16607.0,11607
2024-01-03 11:05:00-05:00,16607.75,16611.75,16592.5,16597.25,16597.25,5845
2024-01-03 11:10:00-05:00,16598.0,16609.25,16590.25,16596.0,16596.0,4604
2024-01-03 11:15:00-05:00,16596.0,16607.75,16587.75,16591.5,16591.5,5079
2024-01-03 11:20:00-05:00,16592.0,16599.75,16585.25,16588.5,16588.5,4093
2024-01-03 11:25:00-05:00,16588.25,16603.75,16583.5,16590.25,16590.25,5453
2024-01-03 11:30:00-05:00,16590.25,16601.0,16586.75,16590.75,16590.75,4613
2024-01-03 11:35:00-05:00,16591.25,16594.75,16570.5,16572.5,16572.5,5262
2024-01-03 11:40:00-05:00,16572.5,16578.75,16559.75,16577.0,16577.0,6071
2024-01-03 11:45:00-05:00,16576.75,16583.25,16570.25,16574.75,16574.75,3745
2024-01-03 11:50:00-05:00,16575.0,16579.5,16565.5,16571.0,16571.0,3343
2024-01-03 11:55:00-05:00,16571.0,16574.0,16558.25,16562.25,16562.25,3264
2024-01-03 12:00:00-05:00,16562.5,16571.75,16555.0,16571.25,16571.25,3678
2024-01-03 12:05:00-05:00,16571.0,16578.0,16556.25,16559.75,16559.75,4029
2024-01-03 12:10:00-05:00,16559.5,16563.25,16551.75,16557.25,16557.25,4007
2024-01-03 12:15:00-05:00,16557.25,16563.0,16549.25,16551.25,16551.25,3662
2024-01-03 12:20:00-05:00,16550.75,16561.75,16550.25,16561.25,16561.25,2554
2024-01-03 12:25:00-05:00,16560.75,16580.25,16558.25,16580.0,16580.0,6096
2024-01-03 12:30:00-05:00,16580.0,16585.0,16573.0,16580.0,16580.0,4468
2024-01-03 12:35:00-05:00,16579.5,16587.75,16577.25,16581.0,16581.0,2800
2024-01-03 12:40:00-05:00,16580.75,16589.75,16574.0,16579.5,16579.5,3315
2024-01-03 12:45:00-05:00,16579.75,16585.5,16577.25,16582.75,16582.75,2416
2024-01-03 12:50:00-05:00,16583.0,16586.25,16579.75,16583.0,16583.0,1611
2024-01-03 12:55:00-05:00,16582.5,16605.0,16581.75,16600.5,16600.5,6025
2024-01-03 13:00:00-05:00,16600.25,16619.5,16596.75,16603.5,16603.5,7712
2024-01-03 13:05:00-05:00,16603.25,16606.0,16595.25,16598.25,16598.25,2175
2024-01-03 13:10:00-05:00,16598.5,16607.5,16595.25,16598.0,16598.0,2629
2024-01-03 13:15:00-05:00,16598.5,16602.75,16594.0,16597.0,16597.0,1759
2024-01-03 13:20:00-05:00,16596.75,16596.75,16586.75,16588.0,16588.0,3042
2024-01-03 13:25:00-05:00,16588.5,16596.5,16584.75,16588.75,16588.75,2486
2024-01-03 13:30:00-05:00,16589.0,16593.0,16579.5,16580.5,16580.5,2971
2024-01-03 13:35:00-05:00,16580.5,16590.0,16570.75,16588.75,16588.75,4576
2024-01-03 13:40:00-05:00,16589.0,16590.0,16577.0,16579.0,16579.0,2783
2024-01-03 13:45:00-05:00,16579.0,16588.25,16577.5,16581.75,16581.75,2452
2024-01-03 13:50:00-05:00,16582.0,16592.5,16577.5,16578.0,16578.0,3268
2024-01-03 13:55:00-05:00,16578.0,16586.0,16575.5,16585.5,16585.5,1916
2024-01-03 14:00:00-05:00,16583.5,16603.75,16552.75,16554.0,16554.0,11778
2024-01-03 14:05:00-05:00,16553.25,16581.5,16529.75,16575.0,16575.0,13284
2024-01-03 14:10:00-05:00,16574.25,16591.25,16550.0,16557.75,16557.75,9211
2024-01-03 14:15:00-05:00,16557.75,16577.75,16542.25,16570.75,16570.75,7670
2024-01-03 14:20:00-05:00,16570.5,16576.75,16555.25,16575.0,16575.0,4767
2024-01-03 14:25:00-05:00,16575.25,16628.0,16571.25,16618.0,16618.0,13349
2024-01-03 14:30:00-05:00,16618.25,16628.75,16598.0,16610.25,16610.25,10333
2024-01-03 14:35:00-05:00,16609.75,16611.25,16590.25,16604.0,16604.0,5616
2024-01-03 14:40:00-05:00,16603.5,16627.75,16594.75,16622.5,16622.5,6509
2024-01-03 14:45:00-05:00,16622.25,16627.0,16600.25,16600.75,16600.75,5346
2024-01-03 14:50:00-05:00,16601.25,16605.5,16592.75,16599.0,16599.0,4488
2024-01-03 14:55:00-05:00,16599.25,16603.0,16588.0,16590.5,16590.5,4122
2024-01-03 15:00:00-05:00,16590.5,16597.0,16574.25,16578.5,16578.5,6810
2024-01-03 15:05:00-05:00,16579.0,16580.25,16554.75,16563.5,16563.5,5937
2024-01-03 15:10:00-05:00,16563.5,16572.25,16557.0,16564.25,16564.25,4765
2024-01-03 15:15:00-05:00,16564.5,16565.0,16550.25,16556.5,16556.5,4806
2024-01-03 15:20:00-05:00,16556.0,16568.25,16548.0,16551.75,16551.75,5827
2024-01-03 15:25:00-05:00,16551.75,16559.0,16545.5,16558.25,16558.25,5429
2024-01-03 15:30:00-05:00,16558.25,16579.75,16555.25,16575.25,16575.25,5751
2024-01-03 15:35:00-05:00,16575.25,16579.0,16560.0,16569.25,16569.25,4740
2024-01-03 15:40:00-05:00,16570.0,16575.0,16544.5,16546.25,16546.25,5188
2024-01-03 15:45:00-05:00,16545.75,16556.25,16540.75,16544.5,16544.5,6148
2024-01-03 15:50:00-05:00,16545.0,16548.75,16522.0,16527.75,16527.75,15861
2024-01-03 15:55:00-05:00,16527.25,16551.75,16526.75,16540.75,16540.75,16605
2024-01-03 16:00:00-05:00,16540.5,16542.0,16527.25,16534.0,16534.0,5218
2024-01-03 16:05:00-05:00,16533.0,16538.25,16532.75,16533.5,16533.5,1333
2024-01-03 16:10:00-05:00,16533.75,16539.0,16533.25,16537.75,16537.75,1047
2024-01-03 16:15:00-05:00,16537.5,16537.5,16532.25,16533.25,16533.25,458
2024-01-03 16:20:00-05:00,16533.25,16536.5,16533.0,16534.5,16534.5,565
2024-01-03 16:25:00-05:00,16534.25,16537.75,16533.5,16536.5,16536.5,269
2024-01-03 16:30:00-05:00,16536.25,16537.5,16533.75,16536.0,16536.0,328
2024-01-03 16:35:00-05:00,16535.75,16537.75,16534.0,16537.0,16537.0,242
2024-01-03 16:40:00-05:00,16537.25,16539.25,16535.5,16539.25,16539.25,274
2024-01-03 16:45:00-05:00,16539.5,16541.5,16537.75,16538.5,16538.5,495
2024-01-03 16:50:00-05:00,16538.5,16540.0,16538.25,16539.25,16539.25,208
2024-01-03 16:55:00-05:00,16539.25,16543.0,16538.5,16542.75,16542.75,370
2024-01-03 18:00:00-05:00,16545.25,16562.75,16545.25,16554.0,16554.0,0
2024-01-03 18:05:00-05:00,16554.25,16554.5,16550.25,16551.5,16551.5,354
2024-01-03 18:10:00-05:00,16552.0,16552.25,16549.25,16549.5,16549.5,224
2024-01-03 18:15:00-05:00,16549.75,16550.0,16546.0,16547.0,16547.0,306
2024-01-03 18:20:00-05:00,16547.25,16552.75,16547.0,16549.25,16549.25,486
2024-01-03 18:25:00-05:00,16549.25,16551.5,16548.5,16550.0,16550.0,173
2024-01-03 18:30:00-05:00,16550.0,16551.75,16547.0,16551.0,16551.0,214
2024-01-03 18:35:00-05:00,16550.5,16550.5,16547.0,16549.25,16549.25,140
2024-01-03 18:40:00-05:00,16548.75,16549.5,16546.0,16547.0,16547.0,118
2024-01-03 18:45:00-05:00,16547.0,16548.75,16545.25,16548.0,16548.0,235
2024-01-03 18:50:00-05:00,16548.75,16550.25,16547.5,16549.25,16549.25,125
2024-01-03 18:55:00-05:00,16549.0,16550.0,16547.25,16549.5,16549.5,136
2024-01-03 19:00:00-05:00,16549.25,16549.25,16539.5,16540.75,16540.75,545
2024-01-03 19:05:00-05:00,16541.25,16543.25,16536.0,16537.25,16537.25,361
2024-01-03 19:10:00-05:00,16537.25,16539.75,16533.0,16539.5,16539.5,557
2024-01-03 19:15:00-05:00,16539.5,16541.25,16537.5,16540.5,16540.5,190
2024-01-03 19:20:00-05:00,16540.75,16551.25,16540.75,16550.25,16550.25,495
2024-01-03 19:25:00-05:00,16550.5,16554.5,16550.25,16552.75,16552.75,300
2024-01-03 19:30:00-05:00,16552.5,16553.75,16551.25,16553.0,16553.0,230
2024-01-03 19:35:00-05:00,16553.0,16556.5,16552.25,16554.25,16554.25,293
2024-01-03 19:40:00-05:00,16554.25,16558.0,16554.0,16557.25,16557.25,279
2024-01-03 19:45:00-05:00,16557.0,16563.25,16556.0,16562.0,16562.0,543
2024-01-03 19:50:00-05:00,16562.0,16562.25,16558.5,16560.0,16560.0,222
2024-01-03 19:55:00-05:00,16560.0,16561.0,16557.25,16560.0,16560.0,295
2024-01-03 20:00:00-05:00,16559.75,16560.75,16558.0,16559.75,16559.75,227
2024-01-03 20:05:00-05:00,16560.0,16560.5,16556.75,16557.25,16557.25,237
2024-01-03 20:10:00-05:00,16558.0,16559.5,16555.25,16559.5,16559.5,202
2024-01-03 20:15:00-05:00,16559.25,16562.75,16558.5,16560.5,16560.5,347
2024-01-03 20:20:00-05:00,16559.5,16561.25,16555.75,16556.0,16556.0,257
2024-01-03 20:25:00-05:00,16556.5,16556.75,16553.5,16554.75,16554.75,436
2024-01-03 20:30:00-05:00,16554.5,16557.5,16551.75,16552.25,16552.25,472
2024-01-03 20:35:00-05:00,16552.25,16554.5,16548.75,16552.75,16552.75,372
2024-01-03 20:40:00-05:00,16552.75,16557.25,16552.0,16553.75,16553.75,274
2024-01-03 20:45:00-05:00,16554.0,16557.75,16551.5,16552.0,16552.0,259
2024-01-03 20:50:00-05:00,16551.75,16557.0,16551.25,16557.0,16557.0,167
2024-01-03 20:55:00-05:00,16557.0,16559.25,16553.5,16555.75,16555.75,273
2024-01-03 21:00:00-05:00,16556.0,16557.25,16551.75,16552.75,16552.75,155
2024-01-03 21:05:00-05:00,16553.0,16555.25,16552.0,16554.5,16554.5,229
2024-01-03 21:10:00-05:00,16554.5,16555.25,16550.75,16553.0,16553.0,154
2024-01-03 21:15:00-05:00,16552.75,16552.75,16548.0,16548.25,16548.25,262
2024-01-03 21:20:00-05:00,16548.75,16548.75,16543.0,16545.25,16545.25,447
2024-01-03 21:25:00-05:00,16545.75,16554.25,16545.5,16553.75,16553.75,329
2024-01-03 21:30:00-05:00,16553.25,16553.25,16550.25,16550.75,16550.75,133
2024-01-03 21:35:00-05:00,16550.75,16552.5,16548.5,16548.75,16548.75,144
2024-01-03 21:40:00-05:00,16548.25,16549.75,16547.0,16548.25,16548.25,134
2024-01-03 21:45:00-05:00,16548.25,16549.75,16546.75,16549.25,16549.25,113
2024-01-03 21:50:00-05:00,16549.25,16553.0,16549.0,16553.0,16553.0,129
2024-01-03 21:55:00-05:00,16552.75,16553.5,16551.25,16552.25,16552.25,99
2024-01-03 22:00:00-05:00,16552.0,16553.75,16551.75,16553.75,16553.75,115
2024-01-03 22:05:00-05:00,16553.25,16556.25,16553.0,16556.0,16556.0,140
2024-01-03 22:10:00-05:00,16556.25,16557.0,16554.0,16554.5,16554.5,129
2024-01-03 22:15:00-05:00,16554.5,16557.75,16553.75,16557.75,16557.75,174
2024-01-03 22:20:00-05:00,16557.25,16557.5,16553.75,16553.75,16553.75,137
2024-01-03 22:25:00-05:00,16554.0,16554.75,16550.75,16551.5,16551.5,193
2024-01-03 22:30:00-05:00,16550.5,16551.25,16549.0,16550.25,16550.25,180
2024-01-03 22:35:00-05:00,16550.25,16553.25,16549.25,16551.75,16551.75,132
2024-01-03 22:40:00-05:00,16551.25,16552.0,16549.75,16549.75,16549.75,78
2024-01-03 22:45:00-05:00,16549.5,16552.25,16549.0,16549.5,16549.5,105
2024-01-03 22:50:00-05:00,16550.25,16550.25,16546.75,16548.5,16548.5,209
2024-01-03 22:55:00-05:00,16548.25,16549.75,16547.75,16549.5,16549.5,76
2024-01-03 23:00:00-05:00,16549.0,16553.75,16549.0,16553.5,16553.5,180
2024-01-03 23:05:00-05:00,16553.5,16554.75,16552.5,16553.25,16553.25,150
2024-01-03 23:10:00-05:00,16553.0,16554.5,16553.0,16553.25,16553.25,77
2024-01-03 23:15:00-05:00,16554.0,16555.25,16553.5,16554.0,16554.0,127
2024-01-03 23:20:00-05:00,16554.5,16554.5,16551.25,16552.75,16552.75,166
2024-01-03 23:25:00-05:00,16552.5,16554.5,16552.25,16553.0,16553.0,95
2024-01-03 23:30:00-05:00,16552.5,16552.75,16550.5,16551.25,16551.25,86
2024-01-03 23:35:00-05:00,16551.0,16552.75,16550.75,16551.75,16551.75,87
2024-01-03 23:40:00-05:00,16551.5,16551.5,16549.75,16550.0,16550.0,66
2024-01-03 23:45:00-05:00,16550.0,16550.75,16548.25,16549.25,16549.25,151
2024-01-03 23:50:00-05:00,16549.0,16550.75,16548.25,16550.5,16550.5,168
2024-01-03 23:55:00-05:00,16550.5,16551.0,16548.75,16548.75,16548.75,73
2024-01-04 00:00:00-05:00,16548.5,16548.5,16548.5,16548.5,16548.5,210
2024-01-04 00:05:00-05:00,16548.5,16549.75,16548.5,16549.25,16549.25,204
2024-01-04 00:10:00-05:00,16549.25,16549.5,16544.5,16546.25,16546.25,283
2024-01-04 00:15:00-05:00,16546.75,16549.0,16546.5,16546.5,16546.5,125
2024-01-04 00:20:00-05:00,16546.75,16547.75,16546.5,16547.25,16547.25,77
2024-01-04 00:25:00-05:00,16547.0,16549.5,16544.5,16545.25,16545.25,233
2024-01-04 00:30:00-05:00,16545.5,16547.75,16545.25,16545.5,16545.5,142
2024-01-04 00:35:00-05:00,16545.25,16545.75,16543.0,16545.25,16545.25,236
2024-01-04 00:40:00-05:00,16545.75,16546.75,16543.0,16544.25,16544.25,152
2024-01-04 00:45:00-05:00,16544.0,16544.0,16542.75,16543.5,16543.5,166
2024-01-04 00:50:00-05:00,16543.5,16545.75,16543.25,16545.25,16545.25,128
2024-01-04 00:55:00-05:00,16545.25,16546.0,16542.75,16543.75,16543.75,146
2024-01-04 01:00:00-05:00,16544.0,16545.25,16541.5,16542.5,16542.5,279
2024-01-04 01:05:00-05:00,16542.75,16544.0,16540.5,16541.0,16541.0,317
2024-01-04 01:10:00-05:00,16541.25,16542.25,16539.5,16541.75,16541.75,255
2024-01-04 01:15:00-05:00,16542.0,16546.5,16541.75,16545.5,16545.5,197
2024-01-04 01:20:00-05:00,16545.5,16550.75,16545.25,16550.5,16550.5,251
2024-01-04 01:25:00-05:00,16550.5,16554.25,16550.0,16553.5,16553.5,268
2024-01-04 01:30:00-05:00,16553.5,16560.5,16553.25,16556.0,16556.0,759
2024-01-04 01:35:00-05:00,16555.75,16557.75,16555.0,16557.0,16557.0,140
2024-01-04 01:40:00-05:00,16557.0,16557.25,16553.5,16554.0,16554.0,168
2024-01-04 01:45:00-05:00,16554.25,16559.5,16554.0,16557.75,16557.75,254
2024-01-04 01:50:00-05:00,16558.0,16568.0,16558.0,16567.0,16567.0,579
2024-01-04 01:55:00-05:00,16566.75,16570.5,16566.25,16569.25,16569.25,441
2024-01-04 02:00:00-05:00,16569.75,16572.0,16567.5,16567.5,16567.5,445
2024-01-04 02:05:00-05:00,16567.25,16570.5,16566.25,16568.75,16568.75,256
2024-01-04 02:10:00-05:00,16569.0,16573.5,16565.75,16572.5,16572.5,434
2024-01-04 02:15:00-05:00,16572.5,16574.25,16570.5,16571.5,16571.5,222
2024-01-04 02:20:00-05:00,16571.75,16575.0,16569.75,16574.0,16574.0,247
2024-01-04 02:25:00-05:00,16573.75,16582.5,16573.75,16582.0,16582.0,715
2024-01-04 02:30:00-05:00,16581.75,16583.5,16578.0,16579.0,16579.0,652
2024-01-04 02:35:00-05:00,16579.0,16583.5,16579.0,16580.25,16580.25,212
2024-01-04 02:40:00-05:00,16580.25,16587.25,16578.5,16585.25,16585.25,473
2024-01-04 02:45:00-05:00,16585.5,16586.25,16579.0,16579.5,16579.5,338
2024-01-04 02:50:00-05:00,16579.25,16580.0,16575.0,16575.25,16575.25,333
2024-01-04 02:55:00-05:00,16575.75,16577.25,16566.5,16570.5,16570.5,625
2024-01-04 03:00:00-05:00,16571.0,16581.25,16568.75,16576.5,16576.5,959
2024-01-04 03:05:00-05:00,16576.25,16584.0,16574.25,16582.0,16582.0,568
2024-01-04 03:10:00-05:00,16582.25,16584.25,16572.0,16575.75,16575.75,666
2024-01-04 03:15:00-05:00,16575.25,16577.25,16568.0,16574.5,16574.5,603
2024-01-04 03:20:00-05:00,16573.25,16581.0,16572.0,16578.25,16578.25,512
2024-01-04 03:25:00-05:00,16578.25,16581.25,16568.0,16569.0,16569.0,385
2024-01-04 03:30:00-05:00,16569.75,16569.75,16562.75,16566.5,16566.5,769
2024-01-04 03:35:00-05:00,16566.5,16580.25,16564.75,16573.5,16573.5,827
2024-01-04 03:40:00-05:00,16574.0,16575.25,16564.75,16565.5,16565.5,672
2024-01-04 03:45:00-05:00,16566.0,16566.0,16557.5,16563.0,16563.0,668
2024-01-04 03:50:00-05:00,16562.0,16563.75,16554.5,16557.0,16557.0,690
2024-01-04 03:55:00-05:00,16556.75,16556.75,16546.0,16549.5,16549.5,816
2024-01-04 04:00:00-05:00,16549.25,16555.5,16548.75,16553.25,16553.25,763
2024-01-04 04:05:00-05:00,16552.75,16562.0,16550.75,16561.5,16561.5,687
2024-01-04 04:10:00-05:00,16561.75,16563.25,16557.75,16560.75,16560.75,434
2024-01-04 04:15:00-05:00,16560.0,16579.75,16559.25,16576.5,16576.5,846
2024-01-04 04:20:00-05:00,16576.25,16577.75,16568.0,16572.75,16572.75,527
2024-01-04 04:25:00-05:00,16573.0,16576.0,16566.75,16575.0,16575.0,400
2024-01-04 04:30:00-05:00,16575.0,16580.5,16573.25,16574.5,16574.5,556
2024-01-04 04:35:00-05:00,16574.5,16578.25,16570.25,16575.0,16575.0,329
2024-01-04 04:40:00-05:00,16574.75,16576.5,16571.0,16572.25,16572.25,260
2024-01-04 04:45:00-05:00,16571.5,16574.75,16567.25,16568.5,16568.5,491
2024-01-04 04:50:00-05:00,16568.5,16575.75,16567.25,16573.0,16573.0,319
2024-01-04 04:55:00-05:00,16574.0,16577.75,16570.75,16577.0,16577.0,219
2024-01-04 05:00:00-05:00,16576.75,16578.25,16565.75,16567.25,16567.25,555
2024-01-04 05:05:00-05:00,16567.25,16567.75,16560.25,16561.25,16561.25,378
2024-01-04 05:10:00-05:00,16561.25,16568.5,16560.75,16567.25,16567.25,344
2024-01-04 05:15:00-05:00,16567.75,16577.75,16567.75,16575.75,16575.75,336
2024-01-04 05:20:00-05:00,16575.75,16577.25,16571.75,16573.5,16573.5,438
2024-01-04 05:25:00-05:00,16574.25,16576.0,16567.5,16568.5,16568.5,368
2024-01-04 05:30:00-05:00,16568.75,16568.75,16566.0,16567.5,16567.5,55
2024-01-04 05:40:00-05:00,16568.0,16569.25,16562.0,16562.0,16562.0,743
2024-01-04 05:45:00-05:00,16562.75,16563.75,16553.0,16556.5,16556.5,611
2024-01-04 05:50:00-05:00,16556.5,16560.25,16551.0,16559.75,16559.75,647
2024-01-04 05:55:00-05:00,16559.75,16566.75,16559.0,16563.75,16563.75,498
2024-01-04 06:00:00-05:00,16563.75,16567.25,16560.5,16564.5,16564.5,292
2024-01-04 06:05:00-05:00,16564.25,16568.75,16563.5,16568.25,16568.25,229
2024-01-04 06:10:00-05:00,16567.75,16568.25,16562.25,16563.5,16563.5,269
2024-01-04 06:15:00-05:00,16563.75,16571.25,16563.75,16566.0,16566.0,242
2024-01-04 06:20:00-05:00,16566.0,16572.75,16565.0,16569.25,16569.25,321
2024-01-04 06:25:00-05:00,16569.25,16573.0,16567.75,16569.0,16569.0,188
2024-01-04 06:30:00-05:00,16568.75,16569.5,16562.75,16563.0,16563.0,296
2024-01-04 06:35:00-05:00,16562.75,16563.25,16546.75,16549.25,16549.25,918
2024-01-04 06:40:00-05:00,16549.25,16549.25,16539.25,16546.5,16546.5,965
2024-01-04 06:45:00-05:00,16546.5,16551.0,16543.0,16550.0,16550.0,552
2024-01-04 06:50:00-05:00,16550.75,16550.75,16544.25,16544.75,16544.75,503
2024-01-04 06:55:00-05:00,16544.5,16546.25,16528.25,16529.25,16529.25,1601
2024-01-04 07:00:00-05:00,16529.0,16535.75,16514.25,16514.25,16514.25,2147
2024-01-04 07:05:00-05:00,16514.5,16516.0,16504.5,16514.5,16514.5,1997
2024-01-04 07:10:00-05:00,16514.5,16533.5,16514.5,16530.25,16530.25,1398
2024-01-04 07:15:00-05:00,16530.5,16532.0,16516.25,16521.75,16521.75,1143
2024-01-04 07:20:00-05:00,16521.75,16523.25,16511.25,16516.5,16516.5,935
2024-01-04 07:25:00-05:00,16516.25,16530.0,16513.25,16527.25,16527.25,1223
2024-01-04 07:30:00-05:00,16527.75,16532.5,16523.5,16532.0,16532.0,1112
2024-01-04 07:35:00-05:00,16532.0,16534.25,16522.25,16523.5,16523.5,968
2024-01-04 07:40:00-05:00,16523.75,16531.25,16520.25,16529.25,16529.25,732
2024-01-04 07:45:00-05:00,16529.5,16531.5,16524.75,16526.0,16526.0,502
2024-01-04 07:50:00-05:00,16525.5,16531.5,16520.25,16523.75,16523.75,596
2024-01-04 07:55:00-05:00,16523.75,16524.5,16516.5,16519.25,16519.25,642
2024-01-04 08:00:00-05:00,16519.0,16519.0,16506.25,16508.0,16508.0,1645
2024-01-04 08:05:00-05:00,16508.0,16511.75,16503.25,16507.75,16507.75,1190
2024-01-04 08:10:00-05:00,16507.5,16508.0,16497.25,16503.0,16503.0,1889
2024-01-04 08:15:00-05:00,16502.5,16516.25,16494.0,16496.0,16496.0,4319
2024-01-04 08:20:00-05:00,16496.75,16500.0,16485.75,16494.25,16494.25,2567
2024-01-04 08:25:00-05:00,16494.75,16506.25,16490.25,16503.5,16503.5,1293
2024-01-04 08:30:00-05:00,16504.5,16505.25,16472.75,16478.75,16478.75,5260
2024-01-04 08:35:00-05:00,16478.25,16482.25,16462.5,16462.5,16462.5,3391
2024-01-04 08:40:00-05:00,16462.25,16463.25,16451.25,16458.0,16458.0,3491
2024-01-04 08:45:00-05:00,16457.75,16472.75,16455.5,16472.0,16472.0,1933
2024-01-04 08:50:00-05:00,16472.0,16474.75,16467.75,16469.0,16469.0,1390
2024-01-04 08:55:00-05:00,16468.75,16470.75,16458.25,16459.5,16459.5,1820
2024-01-04 09:00:00-05:00,16459.0,16468.0,16453.0,16455.75,16455.75,2335
2024-01-04 09:05:00-05:00,16455.75,16466.0,16451.75,16461.25,16461.25,2023
2024-01-04 09:10:00-05:00,16461.0,16471.75,16460.0,16467.25,16467.25,1794
2024-01-04 09:15:00-05:00,16467.0,16470.25,16464.25,16464.5,16464.5,1251
2024-01-04 09:20:00-05:00,16464.5,16466.75,16451.75,16451.75,16451.75,1786
2024-01-04 09:25:00-05:00,16452.0,16458.5,16444.0,16452.5,16452.5,4047
2024-01-04 09:30:00-05:00,16453.0,16489.0,16443.25,16480.25,16480.25,18969
2024-01-04 09:35:00-05:00,16480.75,16500.25,16472.25,16483.75,16483.75,13637
2024-01-04 09:40:00-05:00,16483.75,16489.0,16462.5,16475.75,16475.75,8648
2024-01-04 09:45:00-05:00,16474.25,16480.75,16450.25,16458.25,16458.25,9885
2024-01-04 09:50:00-05:00,16459.0,16491.25,16456.5,16486.5,16486.5,9500
2024-01-04 09:55:00-05:00,16486.5,16493.0,16451.75,16460.75,16460.75,9295
2024-01-04 10:00:00-05:00,16460.25,16497.25,16445.75,16494.75,16494.75,13608
2024-01-04 10:05:00-05:00,16495.25,16514.5,16485.25,16514.0,16514.0,9371
2024-01-04 10:10:00-05:00,16513.5,16523.0,16498.25,16522.5,16522.5,11499
2024-01-04 10:15:00-05:00,16523.0,16533.25,16511.5,16516.5,16516.5,8034
2024-01-04 10:20:00-05:00,16516.5,16521.75,16500.25,16512.5,16512.5,6665
2024-01-04 10:25:00-05:00,16513.25,16515.0,16496.0,16507.5,16507.5,5989
2024-01-04 10:30:00-05:00,16507.25,16522.75,16502.75,16513.0,16513.0,5697
2024-01-04 10:35:00-05:00,16513.5,16521.25,16506.25,16513.25,16513.25,4307
2024-01-04 10:40:00-05:00,16514.0,16525.5,16503.75,16522.5,16522.5,5027
2024-01-04 10:45:00-05:00,16523.0,16537.5,16517.75,16535.25,16535.25,5251
2024-01-04 10:50:00-05:00,16535.25,16542.0,16524.25,16536.25,16536.25,5720
2024-01-04 10:55:00-05:00,16535.0,16539.0,16517.75,16525.25,16525.25,5452
2024-01-04 11:00:00-05:00,16525.25,16542.75,16525.25,16539.25,16539.25,4661
2024-01-04 11:05:00-05:00,16538.0,16545.75,16534.0,16544.75,16544.75,3957
2024-01-04 11:10:00-05:00,16545.25,16574.25,16543.75,16571.25,16571.25,8254
2024-01-04 11:15:00-05:00,16571.0,16583.25,16569.5,16572.75,16572.75,8062
2024-01-04 11:20:00-05:00,16572.75,16578.25,16570.25,16575.5,16575.5,4078
2024-01-04 11:25:00-05:00,16575.25,16583.75,16560.75,16566.25,16566.25,6344
2024-01-04 11:30:00-05:00,16566.25,16569.0,16545.5,16556.25,16556.25,10042
2024-01-04 11:35:00-05:00,16555.5,16574.0,16554.0,16558.5,16558.5,6767
2024-01-04 11:40:00-05:00,16559.0,16561.75,16548.75,16554.75,16554.75,3685
2024-01-04 11:45:00-05:00,16554.75,16559.5,16541.25,16545.75,16545.75,6170
2024-01-04 11:50:00-05:00,16546.0,16548.25,16514.25,16525.5,16525.5,9703
2024-01-04 11:55:00-05:00,16525.25,16532.0,16519.75,16523.0,16523.0,4305
2024-01-04 12:00:00-05:00,16523.0,16528.75,16505.25,16517.75,16517.75,6134
2024-01-04 12:05:00-05:00,16517.5,16524.0,16508.25,16512.5,16512.5,4036
2024-01-04 12:10:00-05:00,16512.5,16528.0,16508.75,16519.25,16519.25,4078
2024-01-04 12:15:00-05:00,16519.25,16519.25,16501.25,16512.5,16512.5,4327
2024-01-04 12:20:00-05:00,16512.5,16522.5,16510.5,16513.5,16513.5,3605
2024-01-04 12:25:00-05:00,16513.75,16525.25,16512.75,16523.75,16523.75,2894
2024-01-04 12:30:00-05:00,16524.0,16525.0,16505.5,16511.0,16511.0,4490
2024-01-04 12:35:00-05:00,16511.0,16523.5,16502.0,16520.0,16520.0,3824
2024-01-04 12:40:00-05:00,16520.25,16520.75,16496.5,16501.0,16501.0,4206
2024-01-04 12:45:00-05:00,16500.75,16502.25,16481.25,16492.75,16492.75,6575
2024-01-04 12:50:00-05:00,16492.75,16506.75,16484.75,16505.25,16505.25,3726
2024-01-04 12:55:00-05:00,16505.25,16506.5,16493.25,16505.0,16505.0,3080
2024-01-04 13:00:00-05:00,16505.5,16510.5,16499.25,16509.75,16509.75,2993
2024-01-04 13:05:00-05:00,16509.5,16512.0,16500.25,16507.5,16507.5,3176
2024-01-04 13:10:00-05:00,16507.25,16510.25,16492.5,16506.75,16506.75,3382
2024-01-04 13:15:00-05:00,16506.5,16512.25,16495.0,16502.25,16502.25,2834
2024-01-04 13:20:00-05:00,16502.5,16513.5,16501.0,16507.75,16507.75,2222
2024-01-04 13:25:00-05:00,16507.75,16518.25,16507.75,16515.75,16515.75,2423
2024-01-04 13:30:00-05:00,16516.0,16523.25,16515.25,16520.75,16520.75,3029
2024-01-04 13:35:00-05:00,16520.5,16529.0,16513.0,16516.5,16516.5,3488
2024-01-04 13:40:00-05:00,16516.5,16525.25,16512.25,16522.25,16522.25,2587
2024-01-04 13:45:00-05:00,16522.75,16525.5,16515.75,16519.75,16519.75,2255
2024-01-04 13:50:00-05:00,16520.0,16524.5,16506.75,16508.25,16508.25,3420
2024-01-04 13:55:00-05:00,16508.75,16517.5,16501.25,16505.25,16505.25,3827
2024-01-04 14:00:00-05:00,16505.25,16515.0,16495.0,16496.25,16496.25,3729
2024-01-04 14:05:00-05:00,16496.5,16504.0,16492.0,16492.75,16492.75,3177
2024-01-04 14:10:00-05:00,16493.0,16499.75,16479.5,16496.25,16496.25,5012
2024-01-04 14:15:00-05:00,16496.0,16504.5,16486.75,16487.5,16487.5,3424
2024-01-04 14:20:00-05:00,16488.0,16493.5,16476.5,16481.75,16481.75,4559
2024-01-04 14:25:00-05:00,16481.75,16487.5,16475.5,16477.25,16477.25,3207
2024-01-04 14:30:00-05:00,16477.25,16483.5,16470.5,16481.5,16481.5,4135
2024-01-04 14:35:00-05:00,16481.0,16485.5,16474.5,16482.5,16482.5,2730
2024-01-04 14:40:00-05:00,16482.5,16484.0,16473.25,16475.25,16475.25,2749
2024-01-04 14:45:00-05:00,16474.5,16484.0,16464.75,16482.25,16482.25,3953
2024-01-04 14:50:00-05:00,16482.0,16497.5,16482.0,16492.5,16492.5,4829
2024-01-04 14:55:00-05:00,16492.0,16496.75,16481.0,16487.0,16487.0,2914
2024-01-04 15:00:00-05:00,16486.75,16493.75,16482.0,16486.75,16486.75,2815
2024-01-04 15:05:00-05:00,16487.0,16511.0,16487.0,16507.75,16507.75,4119
2024-01-04 15:10:00-05:00,16507.75,16509.0,16490.75,16492.5,16492.5,3127
2024-01-04 15:15:00-05:00,16492.25,16493.75,16470.0,16483.0,16483.0,5787
2024-01-04 15:20:00-05:00,16483.25,16489.75,16477.0,16484.25,16484.25,3098
2024-01-04 15:25:00-05:00,16484.5,16488.0,16477.25,16484.75,16484.75,2325
2024-01-04 15:30:00-05:00,16484.75,16499.5,16481.0,16494.0,16494.0,4448
2024-01-04 15:35:00-05:00,16494.5,16499.25,16488.75,16491.25,16491.25,2977
2024-01-04 15:40:00-05:00,16491.25,16495.0,16478.5,16483.75,16483.75,3370
2024-01-04 15:45:00-05:00,16484.75,16494.0,16470.25,16471.25,16471.25,4431
2024-01-04 15:50:00-05:00,16471.25,16475.75,16444.75,16448.75,16448.75,11312
2024-01-04 15:55:00-05:00,16449.5,16459.5,16436.0,16443.75,16443.75,16225
2024-01-04 16:00:00-05:00,16443.5,16452.25,16437.0,16451.5,16451.5,6020
2024-01-04 16:05:00-05:00,16451.5,16457.25,16444.0,16444.0,16444.0,2204
2024-01-04 16:10:00-05:00,16444.25,16447.25,16438.25,16438.75,16438.75,1289
2024-01-04 16:15:00-05:00,16439.0,16445.25,16437.25,16443.25,16443.25,553
2024-01-04 16:20:00-05:00,16443.5,16450.75,16443.0,16450.5,16450.5,538
2024-01-04 16:25:00-05:00,16450.75,16452.5,16447.75,16451.25,16451.25,631
2024-01-04 16:30:00-05:00,16451.5,16453.25,16449.0,16452.25,16452.25,450
2024-01-04 16:35:00-05:00,16452.25,16453.5,16450.0,16452.0,16452.0,337
2024-01-04 16:40:00-05:00,16451.75,16453.75,16449.75,16452.75,16452.75,299
2024-01-04 16:45:00-05:00,16453.25,16455.5,16451.0,16453.25,16453.25,439
2024-01-04 16:50:00-05:00,16453.25,16454.0,16447.5,16448.5,16448.5,573
2024-01-04 16:55:00-05:00,16448.25,16451.0,16446.25,16450.75,16450.75,392
2024-01-04 18:00:00-05:00,16455.0,16463.5,16450.75,16460.25,16460.25,0
2024-01-04 18:05:00-05:00,16460.25,16462.75,16459.25,16461.75,16461.75,260
2024-01-04 18:10:00-05:00,16461.75,16468.0,16460.5,16467.0,16467.0,368
2024-01-04 18:15:00-05:00,16467.5,16468.75,16464.0,16465.0,16465.0,242
2024-01-04 18:20:00-05:00,16465.25,16466.75,16464.0,16465.25,16465.25,232
2024-01-04 18:25:00-05:00,16465.25,16466.0,16463.0,16463.0,16463.0,137
2024-01-04 18:30:00-05:00,16463.5,16466.75,16460.5,16465.25,16465.25,295
2024-01-04 18:35:00-05:00,16465.75,16467.5,16464.75,16466.5,16466.5,150
2024-01-04 18:40:00-05:00,16467.0,16467.5,16461.5,16461.5,16461.5,159
2024-01-04 18:45:00-05:00,16461.5,16465.0,16461.5,16462.25,16462.25,149
2024-01-04 18:50:00-05:00,16462.0,16462.0,16456.75,16458.5,16458.5,315
2024-01-04 18:55:00-05:00,16458.0,16459.25,16456.0,16456.5,16456.5,167
2024-01-04 19:00:00-05:00,16456.5,16457.5,16453.25,16457.0,16457.0,378
2024-01-04 19:05:00-05:00,16457.0,16459.75,16456.25,16459.5,16459.5,255
2024-01-04 19:10:00-05:00,16458.75,16460.5,16456.0,16459.75,16459.75,178
2024-01-04 19:15:00-05:00,16459.25,16463.25,16458.25,16462.5,16462.5,294
2024-01-04 19:20:00-05:00,16462.5,16465.0,16461.25,16461.75,16461.75,197
2024-01-04 19:25:00-05:00,16461.5,16461.75,16458.5,16460.0,16460.0,190
2024-01-04 19:30:00-05:00,16459.75,16465.0,16459.5,16464.25,16464.25,244
2024-01-04 19:35:00-05:00,16464.5,16465.0,16463.25,16463.5,16463.5,127
2024-01-04 19:40:00-05:00,16463.5,16464.5,16462.25,16464.0,16464.0,133
2024-01-04 19:45:00-05:00,16463.75,16466.5,16463.25,16464.5,16464.5,428
2024-01-04 19:50:00-05:00,16464.5,16464.5,16461.5,16462.0,16462.0,102
2024-01-04 19:55:00-05:00,16461.75,16461.75,16457.5,16458.75,16458.75,197
2024-01-04 20:00:00-05:00,16458.75,16463.25,16458.5,16460.25,16460.25,220
2024-01-04 20:05:00-05:00,16460.0,16462.5,16458.5,16461.25,16461.25,129
2024-01-04 20:10:00-05:00,16461.5,16469.0,16461.5,16468.5,16468.5,360
2024-01-04 20:15:00-05:00,16468.25,16469.0,16464.25,16465.25,16465.25,244
2024-01-04 20:20:00-05:00,16465.25,16466.0,16453.25,16455.75,16455.75,721
2024-01-04 20:25:00-05:00,16456.25,16458.0,16451.0,16457.75,16457.75,314
2024-01-04 20:30:00-05:00,16457.25,16458.5,16450.75,16456.5,16456.5,393
2024-01-04 20:35:00-05:00,16457.0,16461.0,16456.25,16459.75,16459.75,272
2024-01-04 20:40:00-05:00,16459.5,16462.0,16456.75,16461.75,16461.75,239
2024-01-04 20:45:00-05:00,16462.0,16465.25,16461.0,16461.75,16461.75,293
2024-01-04 20:50:00-05:00,16462.25,16463.25,16458.75,16459.75,16459.75,164
2024-01-04 20:55:00-05:00,16459.75,16461.25,16458.5,16460.5,16460.5,151
2024-01-04 21:00:00-05:00,16460.0,16460.0,16453.0,16456.25,16456.25,285
2024-01-04 21:05:00-05:00,16456.5,16458.25,16455.25,16457.75,16457.75,204
2024-01-04 21:10:00-05:00,16457.25,16458.25,16455.25,16455.75,16455.75,126
2024-01-04 21:15:00-05:00,16455.5,16457.0,16453.25,16456.0,16456.0,133
2024-01-04 21:20:00-05:00,16456.0,16460.0,16455.25,16458.75,16458.75,152
2024-01-04 21:25:00-05:00,16459.0,16461.25,16457.0,16458.0,16458.0,202
2024-01-04 21:30:00-05:00,16458.25,16460.0,16456.75,16457.75,16457.75,95
2024-01-04 21:35:00-05:00,16458.25,16458.25,16455.5,16456.25,16456.25,174
2024-01-04 21:40:00-05:00,16456.25,16457.0,16452.25,16452.5,16452.5,181
2024-01-04 21:45:00-05:00,16452.25,16454.25,16451.25,16451.25,16451.25,193
2024-01-04 21:50:00-05:00,16451.0,16454.5,16448.75,16454.5,16454.5,369
2024-01-04 21:55:00-05:00,16454.5,16454.75,16450.25,16451.5,16451.5,134
2024-01-04 22:00:00-05:00,16451.0,16454.5,16451.0,16453.75,16453.75,112
2024-01-04 22:05:00-05:00,16454.0,16454.25,16452.75,16453.0,16453.0,106
2024-01-04 22:10:00-05:00,16453.0,16454.0,16452.5,16452.75,16452.75,50
2024-01-04 22:15:00-05:00,16453.25,16454.25,16452.0,16453.5,16453.5,94
2024-01-04 22:20:00-05:00,16453.75,16454.75,16452.75,16453.75,16453.75,102
2024-01-04 22:25:00-05:00,16453.25,16455.0,16452.75,16454.25,16454.25,114
2024-01-04 22:30:00-05:00,16454.0,16454.5,16452.75,16452.75,16452.75,125
2024-01-04 22:35:00-05:00,16452.5,16452.5,16448.25,16448.5,16448.5,250
2024-01-04 22:40:00-05:00,16448.75,16449.5,16446.0,16447.25,16447.25,275
2024-01-04 22:45:00-05:00,16447.25,16450.5,16447.0,16448.75,16448.75,196
2024-01-04 22:50:00-05:00,16448.25,16448.25,16445.5,16445.75,16445.75,139
2024-01-04 22:55:00-05:00,16446.0,16447.0,16444.75,16446.0,16446.0,149
2024-01-04 23:00:00-05:00,16446.5,16449.25,16445.0,16445.5,16445.5,255
2024-01-04 23:05:00-05:00,16445.25,16449.5,16444.5,16448.75,16448.75,209
2024-01-04 23:10:00-05:00,16448.75,16451.75,16448.5,16451.0,16451.0,272
2024-01-04 23:15:00-05:00,16451.25,16452.5,16449.25,16452.0,16452.0,194
2024-01-04 23:20:00-05:00,16452.0,16453.5,16452.0,16452.5,16452.5,161
2024-01-04 23:25:00-05:00,16453.0,16456.75,16452.5,16455.25,16455.25,243
2024-01-04 23:30:00-05:00,16455.5,16456.25,16455.0,16455.0,16455.0,106
2024-01-04 23:35:00-05:00,16455.5,16456.5,16454.5,16454.75,16454.75,127
2024-01-04 23:40:00-05:00,16454.5,16456.0,16451.25,16451.75,16451.75,152
2024-01-04 23:45:00-05:00,16451.75,16451.75,16449.5,16451.0,16451.0,131
2024-01-04 23:50:00-05:00,16450.5,16450.5,16442.5,16442.75,16442.75,476
2024-01-04 23:55:00-05:00,16443.25,16445.5,16443.25,16443.5,16443.5,161
2024-01-05 00:00:00-05:00,16442.25,16442.25,16442.25,16442.25,16442.25,316
2024-01-05 00:05:00-05:00,16442.25,16442.25,16441.75,16442.0,16442.0,162
2024-01-05 00:10:00-05:00,16441.75,16443.0,16439.0,16441.0,16441.0,206
2024-01-05 00:15:00-05:00,16441.25,16443.25,16437.5,16438.25,16438.25,223
2024-01-05 00:20:00-05:00,16438.25,16438.25,16425.75,16427.25,16427.25,1096
2024-01-05 00:25:00-05:00,16427.5,16433.0,16426.75,16430.75,16430.75,338
2024-01-05 00:30:00-05:00,16430.75,16434.0,16430.5,16432.0,16432.0,277
2024-01-05 00:35:00-05:00,16432.0,16434.0,16430.5,16433.5,16433.5,127
2024-01-05 00:40:00-05:00,16434.0,16435.0,16432.25,16434.0,16434.0,112
2024-01-05 00:45:00-05:00,16434.0,16434.0,16428.5,16430.25,16430.25,212
2024-01-05 00:50:00-05:00,16431.0,16432.25,16429.25,16431.5,16431.5,113
2024-01-05 00:55:00-05:00,16432.0,16433.75,16427.75,16428.5,16428.5,278
2024-01-05 01:00:00-05:00,16428.75,16434.5,16427.5,16432.75,16432.75,287
2024-01-05 01:05:00-05:00,16433.0,16433.0,16426.0,16429.0,16429.0,283
2024-01-05 01:10:00-05:00,16429.0,16429.75,16422.0,16424.25,16424.25,440
2024-01-05 01:15:00-05:00,16424.5,16424.5,16417.0,16420.0,16420.0,565
2024-01-05 01:20:00-05:00,16420.75,16424.5,16420.25,16424.25,16424.25,184
2024-01-05 01:25:00-05:00,16424.25,16426.75,16420.25,16420.5,16420.5,376
2024-01-05 01:30:00-05:00,16420.5,16420.5,16411.5,16415.0,16415.0,619
2024-01-05 01:35:00-05:00,16415.0,16415.0,16405.25,16406.75,16406.75,698
2024-01-05 01:40:00-05:00,16407.0,16412.0,16401.25,16403.75,16403.75,689
2024-01-05 01:45:00-05:00,16404.25,16410.75,16403.5,16410.5,16410.5,501
2024-01-05 01:50:00-05:00,16411.0,16413.25,16408.25,16408.25,16408.25,427
2024-01-05 01:55:00-05:00,16408.0,16414.5,16407.0,16412.0,16412.0,348
2024-01-05 02:00:00-05:00,16412.25,16413.5,16407.5,16411.5,16411.5,425
2024-01-05 02:05:00-05:00,16411.75,16413.5,16406.5,16412.75,16412.75,354
2024-01-05 02:10:00-05:00,16412.5,16419.0,16410.25,16417.75,16417.75,462
2024-01-05 02:15:00-05:00,16417.75,16421.75,16413.25,16419.75,16419.75,571
2024-01-05 02:20:00-05:00,16420.25,16422.5,16417.75,16420.0,16420.0,275
2024-01-05 02:25:00-05:00,16419.25,16420.5,16417.5,16419.25,16419.25,283
2024-01-05 02:30:00-05:00,16419.75,16420.5,16417.0,16420.0,16420.0,263
2024-01-05 02:35:00-05:00,16420.0,16420.0,16413.25,16415.0,16415.0,248
2024-01-05 02:40:00-05:00,16414.75,16416.25,16405.5,16405.75,16405.75,436
2024-01-05 02:45:00-05:00,16406.25,16410.5,16404.25,16407.5,16407.5,427
2024-01-05 02:50:00-05:00,16407.75,16411.5,16404.5,16404.75,16404.75,385
2024-01-05 02:55:00-05:00,16405.25,16407.25,16399.5,16401.0,16401.0,848
2024-01-05 03:00:00-05:00,16401.0,16411.0,16398.25,16411.0,16411.0,1261
2024-01-05 03:05:00-05:00,16411.0,16414.75,16407.25,16410.75,16410.75,565
2024-01-05 03:10:00-05:00,16410.75,16423.75,16408.75,16422.5,16422.5,709
2024-01-05 03:15:00-05:00,16422.5,16426.0,16420.25,16423.0,16423.0,647
2024-01-05 03:20:00-05:00,16423.25,16430.75,16422.5,16427.25,16427.25,967
2024-01-05 03:25:00-05:00,16428.5,16438.75,16428.25,16428.75,16428.75,787
2024-01-05 03:30:00-05:00,16428.75,16428.75,16426.0,16426.5,16426.5,94
2024-01-05 03:40:00-05:00,16424.0,16429.0,16420.75,16421.0,16421.0,1470
2024-01-05 03:45:00-05:00,16421.25,16422.5,16415.25,16415.25,16415.25,436
2024-01-05 03:50:00-05:00,16415.0,16418.5,16408.25,16409.0,16409.0,488
2024-01-05 03:55:00-05:00,16408.75,16413.25,16408.5,16409.25,16409.25,633
2024-01-05 04:00:00-05:00,16409.25,16416.0,16400.0,16402.0,16402.0,1404
2024-01-05 04:05:00-05:00,16401.25,16402.25,16390.75,16400.75,16400.75,1524
2024-01-05 04:10:00-05:00,16400.75,16406.75,16400.0,16404.0,16404.0,609
2024-01-05 04:15:00-05:00,16403.5,16412.5,16400.5,16412.25,16412.25,517
2024-01-05 04:20:00-05:00,16412.0,16420.5,16412.0,16417.75,16417.75,736
2024-01-05 04:25:00-05:00,16417.5,16419.25,16413.0,16414.0,16414.0,337
2024-01-05 04:30:00-05:00,16413.75,16415.25,16406.5,16409.25,16409.25,508
2024-01-05 04:35:00-05:00,16409.0,16411.75,16399.0,16399.75,16399.75,581
2024-01-05 04:40:00-05:00,16399.75,16402.0,16393.25,16394.0,16394.0,555
2024-01-05 04:45:00-05:00,16394.5,16401.75,16391.5,16401.5,16401.5,660
2024-01-05 04:50:00-05:00,16400.5,16401.75,16396.75,16399.25,16399.25,376
2024-01-05 04:55:00-05:00,16399.0,16400.25,16396.75,16397.0,16397.0,251
2024-01-05 05:00:00-05:00,16397.0,16401.5,16395.5,16400.0,16400.0,435
2024-01-05 05:05:00-05:00,16399.5,16404.25,16391.25,16395.75,16395.75,615
2024-01-05 05:10:00-05:00,16396.0,16404.75,16396.0,16401.0,16401.0,470
2024-01-05 05:15:00-05:00,16401.0,16401.0,16394.75,16395.75,16395.75,416
2024-01-05 05:20:00-05:00,16395.25,16396.0,16391.25,16391.5,16391.5,446
2024-01-05 05:25:00-05:00,16391.25,16391.5,16377.75,16382.75,16382.75,1403
2024-01-05 05:30:00-05:00,16382.5,16387.25,16380.25,16384.0,16384.0,436
2024-01-05 05:35:00-05:00,16384.25,16384.75,16381.25,16381.75,16381.75,374
2024-01-05 05:40:00-05:00,16381.5,16385.75,16375.75,16381.25,16381.25,675
2024-01-05 05:45:00-05:00,16381.0,16384.25,16379.0,16379.0,16379.0,388
2024-01-05 05:50:00-05:00,16379.25,16383.75,16371.75,16382.0,16382.0,983
2024-01-05 05:55:00-05:00,16382.0,16388.5,16379.25,16385.5,16385.5,543
2024-01-05 06:00:00-05:00,16385.75,16395.0,16384.75,16393.25,16393.25,539
2024-01-05 06:05:00-05:00,16393.0,16395.0,16388.5,16389.25,16389.25,509
2024-01-05 06:10:00-05:00,16389.5,16393.5,16384.0,16384.0,16384.0,408
2024-01-05 06:15:00-05:00,16384.0,16389.75,16382.75,16386.75,16386.75,462
2024-01-05 06:20:00-05:00,16387.5,16390.75,16381.0,16382.25,16382.25,470
2024-01-05 06:25:00-05:00,16382.25,16387.75,16375.75,16376.75,16376.75,459
2024-01-05 06:30:00-05:00,16377.0,16380.0,16372.0,16372.75,16372.75,936
2024-01-05 06:35:00-05:00,16373.0,16377.25,16367.5,16375.75,16375.75,1045
2024-01-05 06:40:00-05:00,16375.75,16379.0,16373.0,16377.5,16377.5,521
2024-01-05 06:45:00-05:00,16377.25,16383.5,16376.0,16379.5,16379.5,499
2024-01-05 06:50:00-05:00,16379.75,16384.0,16377.75,16381.0,16381.0,396
2024-01-05 06:55:00-05:00,16380.75,16389.75,16380.75,16388.75,16388.75,429
2024-01-05 07:00:00-05:00,16388.75,16393.5,16386.75,16388.0,16388.0,725
2024-01-05 07:05:00-05:00,16387.5,16388.75,16381.0,16382.25,16382.25,542
2024-01-05 07:10:00-05:00,16382.5,16392.5,16382.0,16391.0,16391.0,435
2024-01-05 07:15:00-05:00,16391.25,16395.5,16388.25,16394.25,16394.25,373
2024-01-05 07:20:00-05:00,16394.25,16396.5,16389.25,16395.5,16395.5,565
2024-01-05 07:25:00-05:00,16395.5,16399.75,16392.25,16396.5,16396.5,684
2024-01-05 07:30:00-05:00,16396.25,16399.5,16394.0,16394.75,16394.75,643
2024-01-05 07:35:00-05:00,16394.75,16403.25,16393.5,16397.5,16397.5,782
2024-01-05 07:40:00-05:00,16397.75,16402.75,16397.5,16399.75,16399.75,410
2024-01-05 07:45:00-05:00,16400.5,16403.25,16392.25,16392.75,16392.75,530
2024-01-05 07:50:00-05:00,16392.25,16394.5,16384.0,16390.75,16390.75,968
2024-01-05 07:55:00-05:00,16390.25,16393.75,16386.75,16392.25,16392.25,573
2024-01-05 08:00:00-05:00,16392.0,16394.25,16380.25,16383.0,16383.0,1050
2024-01-05 08:05:00-05:00,16383.5,16390.5,16382.75,16388.75,16388.75,966
2024-01-05 08:10:00-05:00,16389.25,16399.5,16387.75,16399.25,16399.25,997
2024-01-05 08:15:00-05:00,16399.5,16417.75,16399.25,16414.5,16414.5,1853
2024-01-05 08:20:00-05:00,16414.25,16417.25,16405.0,16410.0,16410.0,1356
2024-01-05 08:25:00-05:00,16410.5,16411.75,16402.25,16409.25,16409.25,1013
2024-01-05 08:30:00-05:00,16407.75,16426.75,16334.25,16372.0,16372.0,17600
2024-01-05 08:35:00-05:00,16372.5,16381.5,16338.0,16360.75,16360.75,9204
2024-01-05 08:40:00-05:00,16360.75,16384.5,16352.5,16379.0,16379.0,10169
2024-01-05 08:45:00-05:00,16378.75,16387.25,16362.75,16374.75,16374.75,4689
2024-01-05 08:50:00-05:00,16374.75,16407.75,16374.25,16400.0,16400.0,7018
2024-01-05 08:55:00-05:00,16400.25,16405.25,16388.25,16399.75,16399.75,3279
2024-01-05 09:00:00-05:00,16400.5,16426.75,16398.0,16423.75,16423.75,7740
2024-01-05 09:05:00-05:00,16423.0,16432.25,16417.0,16418.5,16418.5,3789
2024-01-05 09:10:00-05:00,16417.25,16430.0,16415.0,16419.75,16419.75,2396
2024-01-05 09:15:00-05:00,16420.0,16440.25,16418.75,16430.75,16430.75,4442
2024-01-05 09:20:00-05:00,16431.0,16441.5,16426.0,16433.75,16433.75,1865
2024-01-05 09:25:00-05:00,16433.0,16451.25,16427.5,16449.25,16449.25,5235
2024-01-05 09:30:00-05:00,16449.25,16486.5,16437.5,16485.5,16485.5,17993
2024-01-05 09:35:00-05:00,16485.25,16494.25,16462.25,16464.5,16464.5,14910
2024-01-05 09:40:00-05:00,16464.25,16475.25,16446.75,16464.75,16464.75,11942
2024-01-05 09:45:00-05:00,16464.75,16488.5,16464.75,16486.0,16486.0,6521
2024-01-05 09:50:00-05:00,16486.75,16495.5,16483.0,16489.75,16489.75,6414
2024-01-05 09:55:00-05:00,16490.0,16492.5,16463.0,16471.5,16471.5,8172
2024-01-05 10:00:00-05:00,16472.75,16545.5,16472.75,16540.25,16540.25,19111
2024-01-05 10:05:00-05:00,16540.75,16553.5,16534.0,16548.5,16548.5,10094
2024-01-05 10:10:00-05:00,16548.5,16555.25,16536.75,16540.75,16540.75,9671
2024-01-05 10:15:00-05:00,16540.75,16543.25,16516.0,16524.5,16524.5,8102
2024-01-05 10:20:00-05:00,16523.75,16539.75,16511.25,16536.0,16536.0,6562
2024-01-05 10:25:00-05:00,16537.0,16550.5,16534.0,16539.0,16539.0,6395
2024-01-05 10:30:00-05:00,16538.75,16562.0,16528.25,16558.75,16558.75,8466
2024-01-05 10:35:00-05:00,16558.5,16568.5,16553.75,16554.5,16554.5,6194
2024-01-05 10:40:00-05:00,16554.75,16562.25,16546.5,16559.5,16559.5,5430
2024-01-05 10:45:00-05:00,16559.0,16565.5,16550.25,16554.25,16554.25,3671
2024-01-05 10:50:00-05:00,16554.25,16563.5,16541.0,16562.25,16562.25,5182
2024-01-05 10:55:00-05:00,16562.25,16568.25,16552.25,16563.75,16563.75,4980
2024-01-05 11:00:00-05:00,16563.75,16577.25,16557.0,16561.25,16561.25,6238
2024-01-05 11:05:00-05:00,16561.25,16569.5,16549.5,16561.5,16561.5,6439
2024-01-05 11:10:00-05:00,16561.75,16577.0,16554.5,16568.0,16568.0,4350
2024-01-05 11:15:00-05:00,16567.75,16575.25,16533.75,16536.75,16536.75,7747
2024-01-05 11:20:00-05:00,16537.0,16541.25,16522.0,16533.0,16533.0,7788
2024-01-05 11:25:00-05:00,16533.25,16538.25,16517.5,16518.75,16518.75,5157
2024-01-05 11:30:00-05:00,16519.25,16532.25,16517.5,16526.5,16526.5,5098
2024-01-05 11:35:00-05:00,16527.0,16528.75,16517.75,16523.0,16523.0,3253
2024-01-05 11:40:00-05:00,16523.0,16524.75,16504.25,16506.25,16506.25,5587
2024-01-05 11:45:00-05:00,16506.25,16515.0,16494.25,16499.25,16499.25,5826
2024-01-05 11:50:00-05:00,16499.0,16520.75,16498.25,16519.75,16519.75,5529
2024-01-05 11:55:00-05:00,16519.75,16523.25,16510.0,16516.5,16516.5,4836
2024-01-05 12:00:00-05:00,16516.5,16519.0,16505.25,16508.5,16508.5,3140
2024-01-05 12:05:00-05:00,16508.0,16509.0,16463.0,16463.5,16463.5,9836
2024-01-05 12:10:00-05:00,16463.75,16479.0,16456.0,16473.75,16473.75,8286
2024-01-05 12:15:00-05:00,16473.75,16484.5,16466.5,16468.5,16468.5,4308
2024-01-05 12:20:00-05:00,16467.5,16475.75,16459.25,16463.0,16463.0,4322
2024-01-05 12:25:00-05:00,16463.0,16469.75,16448.5,16457.0,16457.0,4508
2024-01-05 12:30:00-05:00,16457.0,16465.0,16449.0,16454.5,16454.5,5488
2024-01-05 12:35:00-05:00,16454.0,16476.5,16453.0,16468.25,16468.25,5378
2024-01-05 12:40:00-05:00,16468.0,16481.0,16467.5,16478.0,16478.0,3317
2024-01-05 12:45:00-05:00,16477.75,16482.5,16463.25,16464.75,16464.75,3462
2024-01-05 12:50:00-05:00,16464.5,16480.0,16462.25,16475.0,16475.0,3186
2024-01-05 12:55:00-05:00,16475.0,16478.5,16468.25,16469.25,16469.25,2317
2024-01-05 13:00:00-05:00,16468.75,16471.5,16441.0,16448.0,16448.0,7093
2024-01-05 13:05:00-05:00,16448.25,16463.25,16446.25,16454.75,16454.75,4380
2024-01-05 13:10:00-05:00,16454.75,16462.25,16439.25,16440.75,16440.75,4601
2024-01-05 13:15:00-05:00,16440.5,16447.75,16430.25,16432.75,16432.75,5606
2024-01-05 13:20:00-05:00,16433.0,16447.5,16433.0,16447.0,16447.0,3516
2024-01-05 13:25:00-05:00,16446.75,16472.0,16446.5,16471.0,16471.0,5911
2024-01-05 13:30:00-05:00,16471.0,16493.0,16470.5,16485.5,16485.5,7776
2024-01-05 13:35:00-05:00,16485.75,16504.25,16481.5,16499.75,16499.75,5447
2024-01-05 13:40:00-05:00,16499.5,16503.25,16487.0,16491.5,16491.5,4161
2024-01-05 13:45:00-05:00,16491.5,16503.75,16491.0,16495.5,16495.5,3589
2024-01-05 13:50:00-05:00,16496.0,16505.75,16489.75,16497.5,16497.5,3296
2024-01-05 13:55:00-05:00,16497.25,16503.0,16486.75,16488.5,16488.5,2877
2024-01-05 14:00:00-05:00,16489.0,16499.75,16488.75,16495.75,16495.75,2569
2024-01-05 14:05:00-05:00,16495.75,16502.75,16493.25,16501.75,16501.75,2670
2024-01-05 14:10:00-05:00,16502.0,16509.75,16491.25,16498.0,16498.0,3980
2024-01-05 14:15:00-05:00,16498.25,16503.25,16469.75,16477.25,16477.25,7880
2024-01-05 14:20:00-05:00,16478.0,16488.5,16473.0,16484.0,16484.0,3794
2024-01-05 14:25:00-05:00,16484.25,16487.75,16476.25,16477.75,16477.75,2289
2024-01-05 14:30:00-05:00,16478.25,16485.25,16473.5,16479.75,16479.75,2437
2024-01-05 14:35:00-05:00,16480.0,16489.75,16470.5,16470.5,16470.5,3559
2024-01-05 14:40:00-05:00,16471.0,16473.0,16454.25,16461.25,16461.25,5285
2024-01-05 14:45:00-05:00,16461.5,16467.5,16447.5,16449.5,16449.5,4749
2024-01-05 14:50:00-05:00,16449.75,16452.0,16421.5,16426.5,16426.5,7349
2024-01-05 14:55:00-05:00,16426.25,16434.0,16418.75,16424.25,16424.25,5316
2024-01-05 15:00:00-05:00,16424.75,16433.0,16414.5,16418.25,16418.25,5171
2024-01-05 15:05:00-05:00,16418.0,16426.5,16415.25,16422.5,16422.5,3548
2024-01-05 15:10:00-05:00,16423.5,16436.25,16419.5,16430.25,16430.25,3929
2024-01-05 15:15:00-05:00,16430.25,16433.5,16418.75,16420.25,16420.25,2766
2024-01-05 15:20:00-05:00,16420.75,16427.0,16416.75,16421.25,16421.25,2553
2024-01-05 15:25:00-05:00,16421.25,16423.0,16403.75,16419.0,16419.0,5336
2024-01-05 15:30:00-05:00,16419.0,16422.5,16404.5,16420.0,16420.0,4323
2024-01-05 15:35:00-05:00,16420.0,16431.25,16419.5,16424.0,16424.0,3850
2024-01-05 15:40:00-05:00,16423.75,16443.5,16420.75,16443.25,16443.25,4332
2024-01-05 15:45:00-05:00,16443.5,16454.25,16435.0,16453.0,16453.0,6245
2024-01-05 15:50:00-05:00,16453.5,16464.0,16447.5,16462.75,16462.75,7878
2024-01-05 15:55:00-05:00,16462.75,16472.25,16454.5,16463.25,16463.25,14196
2024-01-05 16:00:00-05:00,16463.5,16468.0,16456.5,16465.25,16465.25,4529
2024-01-05 16:05:00-05:00,16465.5,16469.25,16464.25,16466.75,16466.75,1327
2024-01-05 16:10:00-05:00,16466.25,16469.25,16464.0,16467.25,16467.25,1458
2024-01-05 16:15:00-05:00,16467.25,16468.25,16462.0,16463.25,16463.25,446
2024-01-05 16:20:00-05:00,16463.5,16465.75,16463.0,16464.75,16464.75,230
2024-01-05 16:25:00-05:00,16465.0,16465.75,16462.25,16462.5,16462.5,230
2024-01-05 16:30:00-05:00,16462.25,16462.25,16460.0,16460.25,16460.25,231
2024-01-05 16:35:00-05:00,16460.0,16461.25,16458.25,16458.75,16458.75,260
2024-01-05 16:40:00-05:00,16459.0,16463.25,16458.75,16461.0,16461.0,357
2024-01-05 16:45:00-05:00,16461.0,16461.5,16459.75,16461.5,16461.5,217
2024-01-05 16:50:00-05:00,16461.25,16466.0,16461.0,16465.25,16465.25,285
2024-01-05 16:55:00-05:00,16465.25,16466.25,16465.0,16465.0,16465.0,265
